id,alias,name,image_url,is_closed,url,review_count,categories,rating,coordinates,transactions,location,phone,display_phone,distance,price
wmm2TFEwMmb7AVaE-xlBNQ,happy-cruises-coconut-grove,Happy Cruises,https://s3-media3.fl.yelpcdn.com/bphoto/jY90grtoKH2JTeBYXOXHLA/o.jpg,False,https://www.yelp.com/biz/happy-cruises-coconut-grove?adjust_creative=xaZ1Joo3-9aWJr5cVO0Jdg&utm_campaign=yelp_api_v3&utm_medium=api_v3_business_search&utm_source=xaZ1Joo3-9aWJr5cVO0Jdg,9,"[{'alias': 'boatcharters', 'title': 'Boat Charters'}]",5.0,"{'latitude': 25.7267412, 'longitude': -80.2352719}",[],"{'address1': '3400 Pan American Dr', 'address2': '', 'address3': '', 'city': 'Coconut Grove', 'zip_code': '33133', 'country': 'US', 'state': 'FL', 'display_address': ['3400 Pan American Dr', 'Coconut Grove, FL 33133']}",+17865667032,(786) 566-7032,6243.614846325348,
dJBYIYRDfb6o1yu4-PyrHQ,starlux-yachts-miami-beach,Starlux Yachts,https://s3-media3.fl.yelpcdn.com/bphoto/IV4NMG1QCHpVVUqIrcMbcA/o.jpg,False,https://www.yelp.com/biz/starlux-yachts-miami-beach?adjust_creative=xaZ1Joo3-9aWJr5cVO0Jdg&utm_campaign=yelp_api_v3&utm_medium=api_v3_business_search&utm_source=xaZ1Joo3-9aWJr5cVO0Jdg,28,"[{'alias': 'boatcharters', 'title': 'Boat Charters'}, {'alias': 'boating', 'title': 'Boating'}, {'alias': 'tours', 'title': 'Tours'}]",5.0,"{'latitude': 25.7705631256104, 'longitude': -80.1369781494141}",[],"{'address1': '140 Meridian Ave', 'address2': 'Unit 323', 'address3': '', 'city': 'Miami Beach', 'zip_code': '33139', 'country': 'US', 'state': 'FL', 'display_address': ['140 Meridian Ave', 'Unit 323', 'Miami Beach, FL 33139']}",+17867241919,(786) 724-1919,9245.197562165507,
9DSfS-_P3jUKdIO-cNhDoQ,tikki-beach-charters-miami-5,Tikki Beach Charters,https://s3-media4.fl.yelpcdn.com/bphoto/VxRIpS3ElNfCT7_8LizUtA/o.jpg,False,https://www.yelp.com/biz/tikki-beach-charters-miami-5?adjust_creative=xaZ1Joo3-9aWJr5cVO0Jdg&utm_campaign=yelp_api_v3&utm_medium=api_v3_business_search&utm_source=xaZ1Joo3-9aWJr5cVO0Jdg,6,"[{'alias': 'boatcharters', 'title': 'Boat Charters'}, {'alias': 'venues', 'title': 'Venues & Event Spaces'}]",5.0,"{'latitude': 25.7950053, 'longitude': -80.1872561}",[],"{'address1': '1900 N Bayshore Dr', 'address2': 'Ste 135', 'address3': None, 'city': 'Miami', 'zip_code': '33132', 'country': 'US', 'state': 'FL', 'display_address': ['1900 N Bayshore Dr', 'Ste 135', 'Miami, FL 33132']}",+13053502112,(305) 350-2112,4341.181095143423,
_MQlvyPjPEAMsx-tvmtsAQ,caribbean-spirit-miami,Caribbean Spirit,https://s3-media2.fl.yelpcdn.com/bphoto/RLxMDN3QXiHBg0AV2QNliw/o.jpg,False,https://www.yelp.com/biz/caribbean-spirit-miami?adjust_creative=xaZ1Joo3-9aWJr5cVO0Jdg&utm_campaign=yelp_api_v3&utm_medium=api_v3_business_search&utm_source=xaZ1Joo3-9aWJr5cVO0Jdg,66,"[{'alias': 'boating', 'title': 'Boating'}]",4.0,"{'latitude': 25.77728, 'longitude': -80.185531}",[],"{'address1': '401 Biscayne Blvd', 'address2': '', 'address3': '', 'city': 'Miami', 'zip_code': '33132', 'country': 'US', 'state': 'FL', 'display_address': ['401 Biscayne Blvd', 'Miami, FL 33132']}",+13057441355,(305) 744-1355,4326.920918666223,
m_Nx9UF169JbzXoC_yCvgg,biscayne-lady-yacht-charters-miami,Biscayne Lady Yacht Charters,https://s3-media1.fl.yelpcdn.com/bphoto/8cRLJUJQvKhNppNfAlDc5g/o.jpg,False,https://www.yelp.com/biz/biscayne-lady-yacht-charters-miami?adjust_creative=xaZ1Joo3-9aWJr5cVO0Jdg&utm_campaign=yelp_api_v3&utm_medium=api_v3_business_search&utm_source=xaZ1Joo3-9aWJr5cVO0Jdg,18,"[{'alias': 'boatcharters', 'title': 'Boat Charters'}]",4.5,"{'latitude': 25.790185, 'longitude': -80.185699}",[],"{'address1': '555 NE 15th St', 'address2': '', 'address3': '', 'city': 'Miami', 'zip_code': '33132', 'country': 'US', 'state': 'FL', 'display_address': ['555 NE 15th St', 'Miami, FL 33132']}",+13053795119,(305) 379-5119,4353.5876626151,
5OIz9VWlIM77UjZTrcd07g,miami-sailing-private-charters-miami,Miami Sailing Private Charters,https://s3-media1.fl.yelpcdn.com/bphoto/R8XJu_6NiwoAgJVGAAEhkw/o.jpg,False,https://www.yelp.com/biz/miami-sailing-private-charters-miami?adjust_creative=xaZ1Joo3-9aWJr5cVO0Jdg&utm_campaign=yelp_api_v3&utm_medium=api_v3_business_search&utm_source=xaZ1Joo3-9aWJr5cVO0Jdg,10,"[{'alias': 'boatcharters', 'title': 'Boat Charters'}, {'alias': 'boating', 'title': 'Boating'}, {'alias': 'sailing', 'title': 'Sailing'}]",5.0,"{'latitude': 25.7690616351009, 'longitude': -80.1385212804871}",[],"{'address1': '3400 Pan American Dr', 'address2': '', 'address3': '', 'city': 'Miami', 'zip_code': '33139', 'country': 'US', 'state': 'FL', 'display_address': ['3400 Pan American Dr', 'Miami, FL 33139']}",+17864233131,(786) 423-3131,9118.518430119502,
wt9InqMPx_F0_ZI0wTcUFA,island-queen-cruises-miami,Island Queen Cruises,https://s3-media4.fl.yelpcdn.com/bphoto/iqdy6Wo2BECE6D_ShLbdmA/o.jpg,False,https://www.yelp.com/biz/island-queen-cruises-miami?adjust_creative=xaZ1Joo3-9aWJr5cVO0Jdg&utm_campaign=yelp_api_v3&utm_medium=api_v3_business_search&utm_source=xaZ1Joo3-9aWJr5cVO0Jdg,164,"[{'alias': 'boattours', 'title': 'Boat Tours'}, {'alias': 'bustours', 'title': 'Bus Tours'}, {'alias': 'boatcharters', 'title': 'Boat Charters'}]",3.0,"{'latitude': 25.7792199, 'longitude': -80.1865475}",[],"{'address1': '401 Biscayne Blvd', 'address2': 'slip 1 - 4', 'address3': '', 'city': 'Miami', 'zip_code': '33132', 'country': 'US', 'state': 'FL', 'display_address': ['401 Biscayne Blvd', 'slip 1 - 4', 'Miami, FL 33132']}",+13053795119,(305) 379-5119,4201.6229140133555,
ElqVs-dhIEl_AuDXmhHRiQ,catamaran-sailing-miami-miami-2,Catamaran Sailing Miami,https://s3-media1.fl.yelpcdn.com/bphoto/0rSnA_cMWwSa_-W3Pb_Kfw/o.jpg,False,https://www.yelp.com/biz/catamaran-sailing-miami-miami-2?adjust_creative=xaZ1Joo3-9aWJr5cVO0Jdg&utm_campaign=yelp_api_v3&utm_medium=api_v3_business_search&utm_source=xaZ1Joo3-9aWJr5cVO0Jdg,10,"[{'alias': 'tours', 'title': 'Tours'}, {'alias': 'boating', 'title': 'Boating'}, {'alias': 'boatcharters', 'title': 'Boat Charters'}]",5.0,"{'latitude': 25.7272835075855, 'longitude': -80.2359826862812}",[],"{'address1': '3400 Pan American Dr', 'address2': '', 'address3': '', 'city': 'Miami', 'zip_code': '33133', 'country': 'US', 'state': 'FL', 'display_address': ['3400 Pan American Dr', 'Miami, FL 33133']}",+19542180042,(954) 218-0042,6078.274588032529,
byXqeHtghakWCHL6aw5Lzw,captain-sir-charters-miami,Captain Sir! Charters,https://s3-media4.fl.yelpcdn.com/bphoto/eZfskgjZ915YJhjk8cdp_w/o.jpg,False,https://www.yelp.com/biz/captain-sir-charters-miami?adjust_creative=xaZ1Joo3-9aWJr5cVO0Jdg&utm_campaign=yelp_api_v3&utm_medium=api_v3_business_search&utm_source=xaZ1Joo3-9aWJr5cVO0Jdg,21,"[{'alias': 'boating', 'title': 'Boating'}, {'alias': 'boatcharters', 'title': 'Boat Charters'}]",5.0,"{'latitude': 25.783950805664062, 'longitude': -80.19059753417969}",[],"{'address1': '', 'address2': '', 'address3': '', 'city': 'Miami', 'zip_code': '33132', 'country': 'US', 'state': 'FL', 'display_address': ['Miami, FL 33132']}",+17862182454,(786) 218-2454,6203.905859940395,
kLOTeC86GoLePK702GJzvA,catamaran-adventure-charters-miami,Catamaran Adventure Charters,https://s3-media2.fl.yelpcdn.com/bphoto/Et8pZWQV769B-ak9JpPkbA/o.jpg,False,https://www.yelp.com/biz/catamaran-adventure-charters-miami?adjust_creative=xaZ1Joo3-9aWJr5cVO0Jdg&utm_campaign=yelp_api_v3&utm_medium=api_v3_business_search&utm_source=xaZ1Joo3-9aWJr5cVO0Jdg,9,"[{'alias': 'boatcharters', 'title': 'Boat Charters'}]",5.0,"{'latitude': 25.7655902623883, 'longitude': -80.1878956175664}",[],"{'address1': '338 Brickell Key Dr', 'address2': '', 'address3': 'Four Ambassadors Marina', 'city': 'Miami', 'zip_code': '33131', 'country': 'US', 'state': 'FL', 'display_address': ['338 Brickell Key Dr', 'Four Ambassadors Marina', 'Miami, FL 33131']}",+13056001011,(305) 600-1011,4428.038268331989,
oEkQ5tEQXFH8X7Mo-UOHTA,intimate-waterway-tours-fort-lauderdale,Intimate Waterway Tours,https://s3-media2.fl.yelpcdn.com/bphoto/dEPcgDcVzmBzt0DQmzgB9g/o.jpg,False,https://www.yelp.com/biz/intimate-waterway-tours-fort-lauderdale?adjust_creative=xaZ1Joo3-9aWJr5cVO0Jdg&utm_campaign=yelp_api_v3&utm_medium=api_v3_business_search&utm_source=xaZ1Joo3-9aWJr5cVO0Jdg,55,"[{'alias': 'boattours', 'title': 'Boat Tours'}]",5.0,"{'latitude': 26.1175784, 'longitude': -80.14312009999999}",[],"{'address1': '2 S New River Dr W', 'address2': None, 'address3': '', 'city': 'Fort Lauderdale', 'zip_code': '33301', 'country': 'US', 'state': 'FL', 'display_address': ['2 S New River Dr W', 'Fort Lauderdale, FL 33301']}",+19544884407,(954) 488-4407,38216.225407131,
K3IPYmaK-xRlH24zNrOmcg,carnival-breeze-miami-2,Carnival Breeze,https://s3-media2.fl.yelpcdn.com/bphoto/RplWMkhnWbWZ6Gr7YyyegA/o.jpg,False,https://www.yelp.com/biz/carnival-breeze-miami-2?adjust_creative=xaZ1Joo3-9aWJr5cVO0Jdg&utm_campaign=yelp_api_v3&utm_medium=api_v3_business_search&utm_source=xaZ1Joo3-9aWJr5cVO0Jdg,70,"[{'alias': 'travelservices', 'title': 'Travel Services'}, {'alias': 'tours', 'title': 'Tours'}]",3.5,"{'latitude': 25.775279, 'longitude': -80.167577}",[],"{'address1': 'N Cruise Blvd', 'address2': '', 'address3': 'Port Miami', 'city': 'Miami', 'zip_code': '33132', 'country': 'US', 'state': 'FL', 'display_address': ['N Cruise Blvd', 'Port Miami', 'Miami, FL 33132']}",+18003279501,(800) 327-9501,6138.28161621198,
LfHgFliqwot5-LhU74XkMw,virgin-voyages-miami-2,Virgin Voyages,https://s3-media2.fl.yelpcdn.com/bphoto/61B1jNks3V9N7dsfAnjNTw/o.jpg,False,https://www.yelp.com/biz/virgin-voyages-miami-2?adjust_creative=xaZ1Joo3-9aWJr5cVO0Jdg&utm_campaign=yelp_api_v3&utm_medium=api_v3_business_search&utm_source=xaZ1Joo3-9aWJr5cVO0Jdg,56,"[{'alias': 'travelagents', 'title': 'Travel Agents'}]",4.0,"{'latitude': 25.77786927267137, 'longitude': -80.1741100543821}",[],"{'address1': '', 'address2': '', 'address3': None, 'city': 'Miami', 'zip_code': '33132', 'country': 'US', 'state': 'FL', 'display_address': ['Miami, FL 33132']}",+19544882955,(954) 488-2955,5455.507385245229,
pM0HK7oAuUjmZqRqEQ3Opg,seafair-miami-miami,SeaFair Miami,https://s3-media3.fl.yelpcdn.com/bphoto/HB5f8AUfwi5WfOwNSd_oEQ/o.jpg,False,https://www.yelp.com/biz/seafair-miami-miami?adjust_creative=xaZ1Joo3-9aWJr5cVO0Jdg&utm_campaign=yelp_api_v3&utm_medium=api_v3_business_search&utm_source=xaZ1Joo3-9aWJr5cVO0Jdg,10,"[{'alias': 'tours', 'title': 'Tours'}]",3.0,"{'latitude': 25.772055, 'longitude': -80.185849}",[],"{'address1': 'Bayfront Park South Dock', 'address2': '', 'address3': 'Chopin Plaza', 'city': 'Miami', 'zip_code': '33131', 'country': 'US', 'state': 'FL', 'display_address': ['Bayfront Park South Dock', 'Chopin Plaza', 'Miami, FL 33131']}",+13057135030,(305) 713-5030,4412.340488996638,
IykOHXn-E1LG81xbzURHdw,miami-tours-and-water-adventures-miami-beach-3,Miami Tours & Water Adventures,https://s3-media1.fl.yelpcdn.com/bphoto/3YGuDA3D3ZmckCChjGzbBQ/o.jpg,False,https://www.yelp.com/biz/miami-tours-and-water-adventures-miami-beach-3?adjust_creative=xaZ1Joo3-9aWJr5cVO0Jdg&utm_campaign=yelp_api_v3&utm_medium=api_v3_business_search&utm_source=xaZ1Joo3-9aWJr5cVO0Jdg,125,"[{'alias': 'boatcharters', 'title': 'Boat Charters'}, {'alias': 'boattours', 'title': 'Boat Tours'}, {'alias': 'jetskis', 'title': 'Jet Skis'}]",4.5,"{'latitude': 25.77401, 'longitude': -80.139367}",[],"{'address1': '429 Lenox Ave', 'address2': None, 'address3': '', 'city': 'Miami Beach', 'zip_code': '33139', 'country': 'US', 'state': 'FL', 'display_address': ['429 Lenox Ave', 'Miami Beach, FL 33139']}",+13057729942,(305) 772-9942,8959.958501507983,
JKl47TSzywk8ABQlDMfTzw,royal-caribbean-cruise-lines-miami,Royal Caribbean Cruise Lines,https://s3-media1.fl.yelpcdn.com/bphoto/sr-WcKD1NcV3DXNvhmGVOA/o.jpg,False,https://www.yelp.com/biz/royal-caribbean-cruise-lines-miami?adjust_creative=xaZ1Joo3-9aWJr5cVO0Jdg&utm_campaign=yelp_api_v3&utm_medium=api_v3_business_search&utm_source=xaZ1Joo3-9aWJr5cVO0Jdg,1018,"[{'alias': 'travelservices', 'title': 'Travel Services'}]",2.0,"{'latitude': 25.7752657, 'longitude': -80.1777309}",[],"{'address1': '1050 Caribbean Way', 'address2': '', 'address3': '', 'city': 'Miami', 'zip_code': '33132', 'country': 'US', 'state': 'FL', 'display_address': ['1050 Caribbean Way', 'Miami, FL 33132']}",+13055396000,(305) 539-6000,5075.9290854936735,
L46kuCAT31urYrM_ghTlpw,lets-go-sailing-today-miami,Let's Go Sailing Today,https://s3-media4.fl.yelpcdn.com/bphoto/_fpipKSsKs6DLJN82KL4aw/o.jpg,False,https://www.yelp.com/biz/lets-go-sailing-today-miami?adjust_creative=xaZ1Joo3-9aWJr5cVO0Jdg&utm_campaign=yelp_api_v3&utm_medium=api_v3_business_search&utm_source=xaZ1Joo3-9aWJr5cVO0Jdg,24,"[{'alias': 'boatcharters', 'title': 'Boat Charters'}]",5.0,"{'latitude': 25.7267385138061, 'longitude': -80.2352558076382}",[],"{'address1': '3400 Pan American Dr', 'address2': '', 'address3': '', 'city': 'Miami', 'zip_code': '33133', 'country': 'US', 'state': 'FL', 'display_address': ['3400 Pan American Dr', 'Miami, FL 33133']}",+13056779616,(305) 677-9616,6243.732908639838,
BiTqabLwllDMB6K2ImeakQ,sailing-on-biscayne-bay-miami-3,Sailing On Biscayne Bay,https://s3-media1.fl.yelpcdn.com/bphoto/OcX4q7fDY5eh_xmitOuXWg/o.jpg,False,https://www.yelp.com/biz/sailing-on-biscayne-bay-miami-3?adjust_creative=xaZ1Joo3-9aWJr5cVO0Jdg&utm_campaign=yelp_api_v3&utm_medium=api_v3_business_search&utm_source=xaZ1Joo3-9aWJr5cVO0Jdg,30,"[{'alias': 'boating', 'title': 'Boating'}, {'alias': 'boatcharters', 'title': 'Boat Charters'}, {'alias': 'sailing', 'title': 'Sailing'}]",4.5,"{'latitude': 25.7318058013916, 'longitude': -80.2408599853516}",[],"{'address1': None, 'address2': None, 'address3': None, 'city': 'Miami', 'zip_code': '33133', 'country': 'US', 'state': 'FL', 'display_address': ['Miami, FL 33133']}",+13053230783,(305) 323-0783,5830.658234583766,
qC_63I79BqdDMP1jjgQeDQ,life-is-great-yacht-charters-miami-beach-2,Life Is Great Yacht Charters,https://s3-media2.fl.yelpcdn.com/bphoto/dY04FJA_jEDIPvekBxdk2A/o.jpg,False,https://www.yelp.com/biz/life-is-great-yacht-charters-miami-beach-2?adjust_creative=xaZ1Joo3-9aWJr5cVO0Jdg&utm_campaign=yelp_api_v3&utm_medium=api_v3_business_search&utm_source=xaZ1Joo3-9aWJr5cVO0Jdg,3,"[{'alias': 'boatcharters', 'title': 'Boat Charters'}]",5.0,"{'latitude': 25.77166708481107, 'longitude': -80.13957031165664}",[],"{'address1': '300 Alton Rd', 'address2': None, 'address3': '', 'city': 'Miami Beach', 'zip_code': '33139', 'country': 'US', 'state': 'FL', 'display_address': ['300 Alton Rd', 'Miami Beach, FL 33139']}",+15189923088,(518) 992-3088,8971.197634267557,
OQvd3X4VEuWOBXKBiSrVOg,norwegian-getaway-downtown-miami,Norwegian Getaway,https://s3-media2.fl.yelpcdn.com/bphoto/yIZrP3yPaYU52hOVhwFTJw/o.jpg,False,https://www.yelp.com/biz/norwegian-getaway-downtown-miami?adjust_creative=xaZ1Joo3-9aWJr5cVO0Jdg&utm_campaign=yelp_api_v3&utm_medium=api_v3_business_search&utm_source=xaZ1Joo3-9aWJr5cVO0Jdg,78,"[{'alias': 'tours', 'title': 'Tours'}]",3.0,"{'latitude': 25.76913, 'longitude': -80.18998}",[],"{'address1': None, 'address2': '', 'address3': '', 'city': 'Downtown Miami', 'zip_code': '33132', 'country': 'US', 'state': 'FL', 'display_address': ['Downtown Miami, FL 33132']}",,,6203.905859940395,
xsjoyqb4-Xo6KvQb8nmYpA,problue-marine-miami,Problue Marine,https://s3-media1.fl.yelpcdn.com/bphoto/mfR7tb1-UAEDrR4NWfX_dg/o.jpg,False,https://www.yelp.com/biz/problue-marine-miami?adjust_creative=xaZ1Joo3-9aWJr5cVO0Jdg&utm_campaign=yelp_api_v3&utm_medium=api_v3_business_search&utm_source=xaZ1Joo3-9aWJr5cVO0Jdg,10,"[{'alias': 'boatcharters', 'title': 'Boat Charters'}]",5.0,"{'latitude': 25.729073, 'longitude': -80.233048}",[],"{'address1': '3385 Pan American Dr', 'address2': '', 'address3': '', 'city': 'Miami', 'zip_code': '33133', 'country': 'US', 'state': 'FL', 'display_address': ['3385 Pan American Dr', 'Miami, FL 33133']}",+13057767396,(305) 776-7396,5964.30692909164,
HxPr_OVmDkY5HjmcJag21Q,margaritaville-at-sea-riviera-beach-2,Margaritaville at Sea,https://s3-media2.fl.yelpcdn.com/bphoto/IqM1QnM1Octw9J5tkafw8g/o.jpg,False,https://www.yelp.com/biz/margaritaville-at-sea-riviera-beach-2?adjust_creative=xaZ1Joo3-9aWJr5cVO0Jdg&utm_campaign=yelp_api_v3&utm_medium=api_v3_business_search&utm_source=xaZ1Joo3-9aWJr5cVO0Jdg,98,"[{'alias': 'travelservices', 'title': 'Travel Services'}, {'alias': 'boatcharters', 'title': 'Boat Charters'}, {'alias': 'boattours', 'title': 'Boat Tours'}]",2.0,"{'latitude': 26.72209, 'longitude': -80.10232}",[],"{'address1': '1 E 11th St', 'address2': '', 'address3': None, 'city': 'Riviera Beach', 'zip_code': '33404', 'country': 'US', 'state': 'FL', 'display_address': ['1 E 11th St', 'Riviera Beach, FL 33404']}",+18008147100,(800) 814-7100,111287.61060649788,
x3QdHzc6ahwitHnTS55bSg,miami-party-boat-rentals-miami,Miami Party Boat Rentals,https://s3-media1.fl.yelpcdn.com/bphoto/XQd6XGb0-ffnAEMfLYLWzQ/o.jpg,False,https://www.yelp.com/biz/miami-party-boat-rentals-miami?adjust_creative=xaZ1Joo3-9aWJr5cVO0Jdg&utm_campaign=yelp_api_v3&utm_medium=api_v3_business_search&utm_source=xaZ1Joo3-9aWJr5cVO0Jdg,62,"[{'alias': 'boating', 'title': 'Boating'}, {'alias': 'boatcharters', 'title': 'Boat Charters'}]",4.5,"{'latitude': 25.929227068257873, 'longitude': -80.12798554191401}",[],"{'address1': '400 Sunny Isles Blvd', 'address2': '', 'address3': '', 'city': 'Miami', 'zip_code': '33160', 'country': 'US', 'state': 'FL', 'display_address': ['400 Sunny Isles Blvd', 'Miami, FL 33160']}",+15082509644,(508) 250-9644,19154.1767497661,
CZGOoGr22ZHmzGNSe45K_Q,duck-tours-south-beach-miami-beach,Duck Tours South Beach,https://s3-media1.fl.yelpcdn.com/bphoto/wxRqxJw54sQfGBr9yMVAgg/o.jpg,False,https://www.yelp.com/biz/duck-tours-south-beach-miami-beach?adjust_creative=xaZ1Joo3-9aWJr5cVO0Jdg&utm_campaign=yelp_api_v3&utm_medium=api_v3_business_search&utm_source=xaZ1Joo3-9aWJr5cVO0Jdg,288,"[{'alias': 'tours', 'title': 'Tours'}]",4.0,"{'latitude': 25.79114, 'longitude': -80.13052}",[],"{'address1': '1661 James Ave', 'address2': '', 'address3': '', 'city': 'Miami Beach', 'zip_code': '33139', 'country': 'US', 'state': 'FL', 'display_address': ['1661 James Ave', 'Miami Beach, FL 33139']}",+13056732217,(305) 673-2217,9839.087179005368,
KgJ_nNnuDll5q59yfsHcKQ,everglades-holiday-park-fort-lauderdale-5,Everglades Holiday Park,https://s3-media1.fl.yelpcdn.com/bphoto/fkYkY3u1cGxzvwM7Mh9oBA/o.jpg,False,https://www.yelp.com/biz/everglades-holiday-park-fort-lauderdale-5?adjust_creative=xaZ1Joo3-9aWJr5cVO0Jdg&utm_campaign=yelp_api_v3&utm_medium=api_v3_business_search&utm_source=xaZ1Joo3-9aWJr5cVO0Jdg,824,"[{'alias': 'parks', 'title': 'Parks'}, {'alias': 'tours', 'title': 'Tours'}]",4.0,"{'latitude': 26.0608457592371, 'longitude': -80.4449329362457}",[],"{'address1': '21940 Griffin Rd', 'address2': '', 'address3': '', 'city': 'Fort Lauderdale', 'zip_code': '33332', 'country': 'US', 'state': 'FL', 'display_address': ['21940 Griffin Rd', 'Fort Lauderdale, FL 33332']}",+19544348111,(954) 434-8111,37772.99229889265,
fHtrGneZYQayaB4fhfu9jw,oceania-cruises-miami-3,Oceania Cruises,https://s3-media1.fl.yelpcdn.com/bphoto/aCb17n5FhH5uriFMPa1TRQ/o.jpg,False,https://www.yelp.com/biz/oceania-cruises-miami-3?adjust_creative=xaZ1Joo3-9aWJr5cVO0Jdg&utm_campaign=yelp_api_v3&utm_medium=api_v3_business_search&utm_source=xaZ1Joo3-9aWJr5cVO0Jdg,80,"[{'alias': 'tours', 'title': 'Tours'}]",2.0,"{'latitude': 25.79841, 'longitude': -80.31955}",[],"{'address1': '', 'address2': '', 'address3': '', 'city': 'Miami', 'zip_code': '33122', 'country': 'US', 'state': 'FL', 'display_address': ['Miami, FL 33122']}",+13055142300,(305) 514-2300,9325.948714556449,
Q6irNhdwwurFQJYDhNPy4g,pauls-miami-boat-tours-miami-beach,Paul's Miami Boat Tours,https://s3-media4.fl.yelpcdn.com/bphoto/KY3FV0lwHSNsi7um5aKdIg/o.jpg,False,https://www.yelp.com/biz/pauls-miami-boat-tours-miami-beach?adjust_creative=xaZ1Joo3-9aWJr5cVO0Jdg&utm_campaign=yelp_api_v3&utm_medium=api_v3_business_search&utm_source=xaZ1Joo3-9aWJr5cVO0Jdg,9,"[{'alias': 'boattours', 'title': 'Boat Tours'}, {'alias': 'boatcharters', 'title': 'Boat Charters'}]",5.0,"{'latitude': 25.8613700866699, 'longitude': -80.125732421875}",[],"{'address1': None, 'address2': None, 'address3': '', 'city': 'Miami Beach', 'zip_code': '33141', 'country': 'US', 'state': 'FL', 'display_address': ['Miami Beach, FL 33141']}",+13058471778,(305) 847-1778,11239.926196750592,
m2Q1VElVzjSu6NGX-Dx1ww,art-deco-tours-miami-beach-2,Art Deco Tours,https://s3-media4.fl.yelpcdn.com/bphoto/vHdoJ4-oN-xt2SzBWRQVkg/o.jpg,False,https://www.yelp.com/biz/art-deco-tours-miami-beach-2?adjust_creative=xaZ1Joo3-9aWJr5cVO0Jdg&utm_campaign=yelp_api_v3&utm_medium=api_v3_business_search&utm_source=xaZ1Joo3-9aWJr5cVO0Jdg,49,"[{'alias': 'tours', 'title': 'Tours'}]",5.0,"{'latitude': 25.7807565155031, 'longitude': -80.1328537761719}",[],"{'address1': '', 'address2': '', 'address3': '', 'city': 'Miami Beach', 'zip_code': '33139', 'country': 'US', 'state': 'FL', 'display_address': ['Miami Beach, FL 33139']}",+13058144058,(305) 814-4058,9563.523092542384,
QIwPFLsquv0usGexqIN0YA,south-beach-party-boats-miami,South Beach Party Boats,https://s3-media1.fl.yelpcdn.com/bphoto/qD06C5Qy8KJ9cmJ8qT60pg/o.jpg,False,https://www.yelp.com/biz/south-beach-party-boats-miami?adjust_creative=xaZ1Joo3-9aWJr5cVO0Jdg&utm_campaign=yelp_api_v3&utm_medium=api_v3_business_search&utm_source=xaZ1Joo3-9aWJr5cVO0Jdg,66,"[{'alias': 'boatcharters', 'title': 'Boat Charters'}, {'alias': 'boating', 'title': 'Boating'}]",3.0,"{'latitude': 25.8476152, 'longitude': -80.1868555}",[],"{'address1': '450 NE 79th St', 'address2': '', 'address3': '', 'city': 'Miami', 'zip_code': '33138', 'country': 'US', 'state': 'FL', 'display_address': ['450 NE 79th St', 'Miami, FL 33138']}",+17865297787,(786) 529-7787,8280.522192685776,
KPZoIYNfq82B0BPAh0Ymog,quantum-of-the-seas-miami,Quantum of the Seas,https://s3-media2.fl.yelpcdn.com/bphoto/vpf_pOcteMj9DrnvnUBjBA/o.jpg,False,https://www.yelp.com/biz/quantum-of-the-seas-miami?adjust_creative=xaZ1Joo3-9aWJr5cVO0Jdg&utm_campaign=yelp_api_v3&utm_medium=api_v3_business_search&utm_source=xaZ1Joo3-9aWJr5cVO0Jdg,2,"[{'alias': 'tours', 'title': 'Tours'}]",4.5,"{'latitude': 25.7765593675433, 'longitude': -80.1781874522567}",[],"{'address1': '1050 Caribbean Way', 'address2': '', 'address3': '', 'city': 'Miami', 'zip_code': '33132', 'country': 'US', 'state': 'FL', 'display_address': ['1050 Caribbean Way', 'Miami, FL 33132']}",,,5066.349437075354,
dJEkNvooQMTnyGFTR74LaQ,everglades-airboat-expeditions-miami,Everglades Airboat Expeditions,https://s3-media2.fl.yelpcdn.com/bphoto/z65TCkB3bbdN91bKbeAoQg/o.jpg,False,https://www.yelp.com/biz/everglades-airboat-expeditions-miami?adjust_creative=xaZ1Joo3-9aWJr5cVO0Jdg&utm_campaign=yelp_api_v3&utm_medium=api_v3_business_search&utm_source=xaZ1Joo3-9aWJr5cVO0Jdg,34,"[{'alias': 'boattours', 'title': 'Boat Tours'}]",5.0,"{'latitude': 25.761077785274203, 'longitude': -80.50243066146415}",[],"{'address1': None, 'address2': None, 'address3': None, 'city': 'Miami', 'zip_code': '33194', 'country': 'US', 'state': 'FL', 'display_address': ['Miami, FL 33194']}",+18883858687,(888) 385-8687,27548.767303176774,
Dp-q51tsIQ24YQhoGHgWCw,miami-aqua-tours-miami,Miami Aqua Tours,https://s3-media3.fl.yelpcdn.com/bphoto/XGR1-rEam0sJze67_VyfiA/o.jpg,False,https://www.yelp.com/biz/miami-aqua-tours-miami?adjust_creative=xaZ1Joo3-9aWJr5cVO0Jdg&utm_campaign=yelp_api_v3&utm_medium=api_v3_business_search&utm_source=xaZ1Joo3-9aWJr5cVO0Jdg,55,"[{'alias': 'boatcharters', 'title': 'Boat Charters'}, {'alias': 'boattours', 'title': 'Boat Tours'}]",2.5,"{'latitude': 25.777685303257705, 'longitude': -80.1859931411052}",[],"{'address1': '401 Biscayne Blvd', 'address2': None, 'address3': '', 'city': 'Miami', 'zip_code': '33132', 'country': 'US', 'state': 'FL', 'display_address': ['401 Biscayne Blvd', 'Miami, FL 33132']}",+13053587600,(305) 358-7600,4275.141717746515,
i8oy2OfIyA6ESdH5iZ2t6A,genesis-yacht-charters-miami,Genesis Yacht Charters,https://s3-media3.fl.yelpcdn.com/bphoto/5-HZZqjlrX6ugCSYPCRKBg/o.jpg,False,https://www.yelp.com/biz/genesis-yacht-charters-miami?adjust_creative=xaZ1Joo3-9aWJr5cVO0Jdg&utm_campaign=yelp_api_v3&utm_medium=api_v3_business_search&utm_source=xaZ1Joo3-9aWJr5cVO0Jdg,16,"[{'alias': 'boatcharters', 'title': 'Boat Charters'}, {'alias': 'sailing', 'title': 'Sailing'}, {'alias': 'boating', 'title': 'Boating'}]",5.0,"{'latitude': 25.732226, 'longitude': -80.232429}",[],"{'address1': '2550 S Bayshore Dr', 'address2': None, 'address3': '', 'city': 'Miami', 'zip_code': '33133', 'country': 'US', 'state': 'FL', 'display_address': ['2550 S Bayshore Dr', 'Miami, FL 33133']}",+13052093308,(305) 209-3308,5610.78834110894,
0VlqsXMdd1hVVVI9mr6w8w,ra-charters-miami-3,RA Charters,https://s3-media2.fl.yelpcdn.com/bphoto/GVRM8Y2Xi32OwiWqfPWExQ/o.jpg,False,https://www.yelp.com/biz/ra-charters-miami-3?adjust_creative=xaZ1Joo3-9aWJr5cVO0Jdg&utm_campaign=yelp_api_v3&utm_medium=api_v3_business_search&utm_source=xaZ1Joo3-9aWJr5cVO0Jdg,10,"[{'alias': 'boatcharters', 'title': 'Boat Charters'}, {'alias': 'sailing', 'title': 'Sailing'}]",5.0,"{'latitude': 25.7271916, 'longitude': -80.2359672}",[],"{'address1': '3400 Pan American Dr', 'address2': '', 'address3': '', 'city': 'Miami', 'zip_code': '33133', 'country': 'US', 'state': 'FL', 'display_address': ['3400 Pan American Dr', 'Miami, FL 33133']}",+17862555662,(786) 255-5662,6242.269581858832,
uocjFphLDtnRAOzFQTXRfw,disney-cruise-line-miami,Disney Cruise Line,https://s3-media2.fl.yelpcdn.com/bphoto/kTqVWBUoCkIecTxFpEmzEA/o.jpg,False,https://www.yelp.com/biz/disney-cruise-line-miami?adjust_creative=xaZ1Joo3-9aWJr5cVO0Jdg&utm_campaign=yelp_api_v3&utm_medium=api_v3_business_search&utm_source=xaZ1Joo3-9aWJr5cVO0Jdg,79,"[{'alias': 'transport', 'title': 'Transportation'}]",4.5,"{'latitude': 25.77888, 'longitude': -80.19793}",[],"{'address1': '', 'address2': '', 'address3': '', 'city': 'Miami', 'zip_code': '33101', 'country': 'US', 'state': 'FL', 'display_address': ['Miami, FL 33101']}",+18009513532,(800) 951-3532,2974.3751460334574,
VkdtCMovs1JMZUKZBinNdw,play-time-water-sports-miami-beach,Play Time Water Sports,https://s3-media2.fl.yelpcdn.com/bphoto/382XVr8Pl5OpyhCUqslHLA/o.jpg,False,https://www.yelp.com/biz/play-time-water-sports-miami-beach?adjust_creative=xaZ1Joo3-9aWJr5cVO0Jdg&utm_campaign=yelp_api_v3&utm_medium=api_v3_business_search&utm_source=xaZ1Joo3-9aWJr5cVO0Jdg,77,"[{'alias': 'boatcharters', 'title': 'Boat Charters'}, {'alias': 'boating', 'title': 'Boating'}, {'alias': 'sailing', 'title': 'Sailing'}]",4.0,"{'latitude': 25.7654593493781, 'longitude': -80.1882585763917}",[],"{'address1': '300 Alton Rd', 'address2': '', 'address3': '', 'city': 'Miami Beach', 'zip_code': '33139', 'country': 'US', 'state': 'FL', 'display_address': ['300 Alton Rd', 'Miami Beach, FL 33139']}",+15167786738,(516) 778-6738,4441.0699081815565,
xmsHo_GUvNSUIjfQiLX8gA,water-fantaseas-miami-beach-3,Water Fantaseas,https://s3-media3.fl.yelpcdn.com/bphoto/UJX_CdiqLosymB6I0DmzVQ/o.jpg,False,https://www.yelp.com/biz/water-fantaseas-miami-beach-3?adjust_creative=xaZ1Joo3-9aWJr5cVO0Jdg&utm_campaign=yelp_api_v3&utm_medium=api_v3_business_search&utm_source=xaZ1Joo3-9aWJr5cVO0Jdg,8,"[{'alias': 'boating', 'title': 'Boating'}, {'alias': 'boatcharters', 'title': 'Boat Charters'}]",2.0,"{'latitude': 25.7880447, 'longitude': -80.1407957}",[],"{'address1': '1521 Alton Rd', 'address2': 'Ste 802', 'address3': '', 'city': 'Miami Beach', 'zip_code': '33139', 'country': 'US', 'state': 'FL', 'display_address': ['1521 Alton Rd', 'Ste 802', 'Miami Beach, FL 33139']}",+13055311480,(305) 531-1480,8787.305610167676,
X53XpZOEB8QNZbVWlqPfsQ,norwegian-cruise-line-miami-2,Norwegian Cruise Line,https://s3-media2.fl.yelpcdn.com/bphoto/lk4a_FuTxLx4nnknUD57sA/o.jpg,False,https://www.yelp.com/biz/norwegian-cruise-line-miami-2?adjust_creative=xaZ1Joo3-9aWJr5cVO0Jdg&utm_campaign=yelp_api_v3&utm_medium=api_v3_business_search&utm_source=xaZ1Joo3-9aWJr5cVO0Jdg,829,"[{'alias': 'travelservices', 'title': 'Travel Services'}]",1.5,"{'latitude': 25.791714677447544, 'longitude': -80.3203532}",[],"{'address1': '7665 Corporate Ctr Dr', 'address2': None, 'address3': '', 'city': 'Miami', 'zip_code': '33126', 'country': 'US', 'state': 'FL', 'display_address': ['7665 Corporate Ctr Dr', 'Miami, FL 33126']}",+18662347350,(866) 234-7350,9268.002559520215,
5ExU02yNN_bfsxBHgGSCtQ,cruzan-yacht-charters-miami-3,Cruzan Yacht Charters,https://s3-media2.fl.yelpcdn.com/bphoto/9-0jGJW-u_DsV1FB1qv3-A/o.jpg,False,https://www.yelp.com/biz/cruzan-yacht-charters-miami-3?adjust_creative=xaZ1Joo3-9aWJr5cVO0Jdg&utm_campaign=yelp_api_v3&utm_medium=api_v3_business_search&utm_source=xaZ1Joo3-9aWJr5cVO0Jdg,2,"[{'alias': 'boatcharters', 'title': 'Boat Charters'}, {'alias': 'boating', 'title': 'Boating'}]",5.0,"{'latitude': 25.60181, 'longitude': -80.3347}",[],"{'address1': '18120 Sw 88th Ct', 'address2': '', 'address3': None, 'city': 'Miami', 'zip_code': '33157', 'country': 'US', 'state': 'FL', 'display_address': ['18120 Sw 88th Ct', 'Miami, FL 33157']}",+13058582822,(305) 858-2822,22744.771267641907,
tEBEMp7Vaq9zEOzqhP97eQ,miami-marriott-biscayne-bay-miami-2,Miami Marriott Biscayne Bay,https://s3-media1.fl.yelpcdn.com/bphoto/LWUHbPwW1_bPf97n7KfDhg/o.jpg,False,https://www.yelp.com/biz/miami-marriott-biscayne-bay-miami-2?adjust_creative=xaZ1Joo3-9aWJr5cVO0Jdg&utm_campaign=yelp_api_v3&utm_medium=api_v3_business_search&utm_source=xaZ1Joo3-9aWJr5cVO0Jdg,331,"[{'alias': 'hotels', 'title': 'Hotels'}, {'alias': 'venues', 'title': 'Venues & Event Spaces'}]",3.5,"{'latitude': 25.790872, 'longitude': -80.186179}",[],"{'address1': '1633 N Bayshore Dr', 'address2': '', 'address3': '', 'city': 'Miami', 'zip_code': '33132', 'country': 'US', 'state': 'FL', 'display_address': ['1633 N Bayshore Dr', 'Miami, FL 33132']}",+13053743900,(305) 374-3900,4322.382764703179,$$
UMCtE6FdktSIwYKUravnqg,jiffy-jeff-transportation-ft-lauderdale-4,Jiffy Jeff Transportation,https://s3-media3.fl.yelpcdn.com/bphoto/DEJfWzjhwm8WtijOMmkekA/o.jpg,False,https://www.yelp.com/biz/jiffy-jeff-transportation-ft-lauderdale-4?adjust_creative=xaZ1Joo3-9aWJr5cVO0Jdg&utm_campaign=yelp_api_v3&utm_medium=api_v3_business_search&utm_source=xaZ1Joo3-9aWJr5cVO0Jdg,84,"[{'alias': 'airport_shuttles', 'title': 'Airport Shuttles'}]",4.5,"{'latitude': 26.10068167, 'longitude': -80.13590167}",[],"{'address1': '717 SE 17th St', 'address2': 'Ste 124', 'address3': '', 'city': 'Ft Lauderdale', 'zip_code': '33316', 'country': 'US', 'state': 'FL', 'display_address': ['717 SE 17th St', 'Ste 124', 'Ft Lauderdale, FL 33316']}",+13055886143,(305) 588-6143,36565.825321142256,
KNrezB_087lvt0nzzd4KvA,y-charter-miami-miami-beach-2,Y Charter Miami,https://s3-media3.fl.yelpcdn.com/bphoto/l6cM9DKUZgAM-LNu28BtKg/o.jpg,False,https://www.yelp.com/biz/y-charter-miami-miami-beach-2?adjust_creative=xaZ1Joo3-9aWJr5cVO0Jdg&utm_campaign=yelp_api_v3&utm_medium=api_v3_business_search&utm_source=xaZ1Joo3-9aWJr5cVO0Jdg,18,"[{'alias': 'boating', 'title': 'Boating'}, {'alias': 'boatcharters', 'title': 'Boat Charters'}]",4.0,"{'latitude': 25.7908924, 'longitude': -80.1321414}",[],"{'address1': '407 Lincoln Rd', 'address2': 'Ste 503', 'address3': '', 'city': 'Miami Beach', 'zip_code': '33139', 'country': 'US', 'state': 'FL', 'display_address': ['407 Lincoln Rd', 'Ste 503', 'Miami Beach, FL 33139']}",+13059995839,(305) 999-5839,9677.000760826368,
M2C_BBJJY2Y8n_IkoIArGg,blue-infinity-charters-miami-beach-3,Blue Infinity Charters,https://s3-media1.fl.yelpcdn.com/bphoto/l4nKcVNsCWa7YGzuNnVvBg/o.jpg,False,https://www.yelp.com/biz/blue-infinity-charters-miami-beach-3?adjust_creative=xaZ1Joo3-9aWJr5cVO0Jdg&utm_campaign=yelp_api_v3&utm_medium=api_v3_business_search&utm_source=xaZ1Joo3-9aWJr5cVO0Jdg,3,"[{'alias': 'boatcharters', 'title': 'Boat Charters'}]",5.0,"{'latitude': 25.785629272460938, 'longitude': -80.1363754272461}",[],"{'address1': None, 'address2': None, 'address3': None, 'city': 'Miami Beach', 'zip_code': '33139', 'country': 'US', 'state': 'FL', 'display_address': ['Miami Beach, FL 33139']}",+17862360728,(786) 236-0728,8001.16650419453,
VJD8JL-78vto0u6k0o7YhA,deco-divers-miami-beach,Deco Divers,https://s3-media3.fl.yelpcdn.com/bphoto/sA6jx_JV5qNQcomj8pm-GQ/o.jpg,False,https://www.yelp.com/biz/deco-divers-miami-beach?adjust_creative=xaZ1Joo3-9aWJr5cVO0Jdg&utm_campaign=yelp_api_v3&utm_medium=api_v3_business_search&utm_source=xaZ1Joo3-9aWJr5cVO0Jdg,18,"[{'alias': 'boatcharters', 'title': 'Boat Charters'}, {'alias': 'scuba', 'title': 'Scuba Diving'}, {'alias': 'snorkeling', 'title': 'Snorkeling'}]",4.5,"{'latitude': 25.7710686053083, 'longitude': -80.1393486027552}",[],"{'address1': '300 Alton Rd', 'address2': '', 'address3': None, 'city': 'Miami Beach', 'zip_code': '33139', 'country': 'US', 'state': 'FL', 'display_address': ['300 Alton Rd', 'Miami Beach, FL 33139']}",+13058616277,(305) 861-6277,9002.408737279307,
TdgBrYPjVBLpJM-FsDKX0Q,le-bistro-aboard-norwegian-star-miami,Le Bistro Aboard Norwegian Star,https://s3-media1.fl.yelpcdn.com/bphoto/P-oAXl6DCePFewGCjAImRA/o.jpg,False,https://www.yelp.com/biz/le-bistro-aboard-norwegian-star-miami?adjust_creative=xaZ1Joo3-9aWJr5cVO0Jdg&utm_campaign=yelp_api_v3&utm_medium=api_v3_business_search&utm_source=xaZ1Joo3-9aWJr5cVO0Jdg,3,"[{'alias': 'travelservices', 'title': 'Travel Services'}]",5.0,"{'latitude': 25.774546, 'longitude': -80.170879}",[],"{'address1': '766 South Corporate Center Dr', 'address2': '', 'address3': 'Port of Miami', 'city': 'Miami', 'zip_code': '33132', 'country': 'US', 'state': 'FL', 'display_address': ['766 South Corporate Center Dr', 'Port of Miami', 'Miami, FL 33132']}",+18662347350,(866) 234-7350,5822.604165866551,
Yyp1xGnsYH2sCmv2N7ukaw,twysted-lyfe-charters-miami-beach-miami-beach,Twysted Lyfe Charters Miami Beach,https://s3-media2.fl.yelpcdn.com/bphoto/sxDH0XjNLHexdCDUrWnmLg/o.jpg,False,https://www.yelp.com/biz/twysted-lyfe-charters-miami-beach-miami-beach?adjust_creative=xaZ1Joo3-9aWJr5cVO0Jdg&utm_campaign=yelp_api_v3&utm_medium=api_v3_business_search&utm_source=xaZ1Joo3-9aWJr5cVO0Jdg,15,"[{'alias': 'fishing', 'title': 'Fishing'}, {'alias': 'boatcharters', 'title': 'Boat Charters'}]",4.5,"{'latitude': 25.906476930444583, 'longitude': -80.12303881095083}",[],"{'address1': '10800 Collins Ave', 'address2': '', 'address3': '', 'city': 'Miami Beach', 'zip_code': '33154', 'country': 'US', 'state': 'FL', 'display_address': ['10800 Collins Ave', 'Miami Beach, FL 33154']}",+13055706420,(305) 570-6420,17348.47189442805,
XktcWJSyhUATjvqzN7Kb8g,carnival-sunrise-miami-3,Carnival Sunrise,https://s3-media1.fl.yelpcdn.com/bphoto/ZKVhhkWG6agSU9yxLzoTQg/o.jpg,False,https://www.yelp.com/biz/carnival-sunrise-miami-3?adjust_creative=xaZ1Joo3-9aWJr5cVO0Jdg&utm_campaign=yelp_api_v3&utm_medium=api_v3_business_search&utm_source=xaZ1Joo3-9aWJr5cVO0Jdg,8,"[{'alias': 'tours', 'title': 'Tours'}, {'alias': 'steak', 'title': 'Steakhouses'}, {'alias': 'burgers', 'title': 'Burgers'}]",4.0,"{'latitude': 25.778740985742267, 'longitude': -80.17791822552681}",[],"{'address1': '1015 N America Way', 'address2': '', 'address3': None, 'city': 'Miami', 'zip_code': '33132', 'country': 'US', 'state': 'FL', 'display_address': ['1015 N America Way', 'Miami, FL 33132']}",,,5067.042571795381,
2Wyti4Gh9md-ZY99mDa5Tg,reel-adventure-charters-miami-beach,Reel Adventure Charters,https://s3-media2.fl.yelpcdn.com/bphoto/8YNjiM7Rf5AHQSXXVhialQ/o.jpg,False,https://www.yelp.com/biz/reel-adventure-charters-miami-beach?adjust_creative=xaZ1Joo3-9aWJr5cVO0Jdg&utm_campaign=yelp_api_v3&utm_medium=api_v3_business_search&utm_source=xaZ1Joo3-9aWJr5cVO0Jdg,33,"[{'alias': 'boatcharters', 'title': 'Boat Charters'}, {'alias': 'fishing', 'title': 'Fishing'}, {'alias': 'tours', 'title': 'Tours'}]",4.5,"{'latitude': 25.9042676928438, 'longitude': -80.1251515562363}",[],"{'address1': '10800 Collins Ave', 'address2': '', 'address3': '', 'city': 'Miami Beach', 'zip_code': '33154', 'country': 'US', 'state': 'FL', 'display_address': ['10800 Collins Ave', 'Miami Beach, FL 33154']}",+13057850552,(305) 785-0552,17024.969285780233,
IAO3hu0E8HQtgQ00RTu9YA,cycle-party-miami-miami-3,Cycle Party Miami,https://s3-media3.fl.yelpcdn.com/bphoto/cs-qiMJoXRAWPe750bc-NQ/o.jpg,False,https://www.yelp.com/biz/cycle-party-miami-miami-3?adjust_creative=xaZ1Joo3-9aWJr5cVO0Jdg&utm_campaign=yelp_api_v3&utm_medium=api_v3_business_search&utm_source=xaZ1Joo3-9aWJr5cVO0Jdg,34,"[{'alias': 'partybikerentals', 'title': 'Party Bike Rentals'}, {'alias': 'foodtours', 'title': 'Food Tours'}, {'alias': 'beertours', 'title': 'Beer Tours'}]",4.5,"{'latitude': 25.80322, 'longitude': -80.19196}",[],"{'address1': '148 NE 28th St', 'address2': None, 'address3': '', 'city': 'Miami', 'zip_code': '33127', 'country': 'US', 'state': 'FL', 'display_address': ['148 NE 28th St', 'Miami, FL 33127']}",+13056766710,(305) 676-6710,4307.283231278621,
mlEKoLz-Lp5Cm8OYLcXXww,blue-fin-charters-miami-beach-2,Blue Fin Charters,https://s3-media2.fl.yelpcdn.com/bphoto/zEnahc685QLQrF5AjN6RRw/o.jpg,False,https://www.yelp.com/biz/blue-fin-charters-miami-beach-2?adjust_creative=xaZ1Joo3-9aWJr5cVO0Jdg&utm_campaign=yelp_api_v3&utm_medium=api_v3_business_search&utm_source=xaZ1Joo3-9aWJr5cVO0Jdg,6,"[{'alias': 'boating', 'title': 'Boating'}, {'alias': 'fishing', 'title': 'Fishing'}, {'alias': 'boatcharters', 'title': 'Boat Charters'}]",5.0,"{'latitude': 25.78628, 'longitude': -80.144282}",[],"{'address1': '1500 Bay Rd', 'address2': '', 'address3': '', 'city': 'Miami Beach', 'zip_code': '33139', 'country': 'US', 'state': 'FL', 'display_address': ['1500 Bay Rd', 'Miami Beach, FL 33139']}",+17723410866,(772) 341-0866,8427.24127639918,
lUdLmjRGtCQhk9ENXR_raQ,royal-caribbean-liberty-of-the-seas-miami,Royal Caribbean - Liberty of the Seas,https://s3-media1.fl.yelpcdn.com/bphoto/mqagmprN90RiRKcysJJqxQ/o.jpg,False,https://www.yelp.com/biz/royal-caribbean-liberty-of-the-seas-miami?adjust_creative=xaZ1Joo3-9aWJr5cVO0Jdg&utm_campaign=yelp_api_v3&utm_medium=api_v3_business_search&utm_source=xaZ1Joo3-9aWJr5cVO0Jdg,38,"[{'alias': 'hotelstravel', 'title': 'Hotels & Travel'}]",3.5,"{'latitude': 25.775256775737, 'longitude': -80.1782764371064}",[],"{'address1': '1050 Caribbean Way', 'address2': '', 'address3': 'Royal Caribbean International', 'city': 'Miami', 'zip_code': '33132', 'country': 'US', 'state': 'FL', 'display_address': ['1050 Caribbean Way', 'Royal Caribbean International', 'Miami, FL 33132']}",+18003989819,(800) 398-9819,5078.632302378735,
-bv6Thob2m1h9dZW0KYlWw,sea-miami-yacht-charters-miami-beach,Sea Miami Yacht Charters,https://s3-media3.fl.yelpcdn.com/bphoto/GdiRb5v464eYl5Ygh_AG5w/o.jpg,False,https://www.yelp.com/biz/sea-miami-yacht-charters-miami-beach?adjust_creative=xaZ1Joo3-9aWJr5cVO0Jdg&utm_campaign=yelp_api_v3&utm_medium=api_v3_business_search&utm_source=xaZ1Joo3-9aWJr5cVO0Jdg,1,"[{'alias': 'boating', 'title': 'Boating'}, {'alias': 'boatcharters', 'title': 'Boat Charters'}]",5.0,"{'latitude': 25.771641, 'longitude': -80.139561}",[],"{'address1': '300 Alton Rd', 'address2': None, 'address3': '', 'city': 'Miami Beach', 'zip_code': '33139', 'country': 'US', 'state': 'FL', 'display_address': ['300 Alton Rd', 'Miami Beach, FL 33139']}",+12605306668,(260) 530-6668,8989.73869545333,
K1lW5qB2m0S8pTnwPIOSiA,captain-alain-charters-miami-beach-5,Captain Alain Charters,https://s3-media2.fl.yelpcdn.com/bphoto/HHKXUyoK6zz_REH2HSvouA/o.jpg,False,https://www.yelp.com/biz/captain-alain-charters-miami-beach-5?adjust_creative=xaZ1Joo3-9aWJr5cVO0Jdg&utm_campaign=yelp_api_v3&utm_medium=api_v3_business_search&utm_source=xaZ1Joo3-9aWJr5cVO0Jdg,53,"[{'alias': 'boatcharters', 'title': 'Boat Charters'}, {'alias': 'boattours', 'title': 'Boat Tours'}]",5.0,"{'latitude': 25.8500179, 'longitude': -80.160171}",[],"{'address1': '7910 West Dr', 'address2': None, 'address3': None, 'city': 'Miami Beach', 'zip_code': '33141', 'country': 'US', 'state': 'FL', 'display_address': ['7910 West Dr', 'Miami Beach, FL 33141']}",+17865999133,(786) 599-9133,10142.094472713334,
sd55MSQcjfwCDPudJWFwcw,miami-royal-vacation-miami,Miami Royal Vacation,https://s3-media1.fl.yelpcdn.com/bphoto/fXDZkri2Ho8cOtGv5yvw3Q/o.jpg,False,https://www.yelp.com/biz/miami-royal-vacation-miami?adjust_creative=xaZ1Joo3-9aWJr5cVO0Jdg&utm_campaign=yelp_api_v3&utm_medium=api_v3_business_search&utm_source=xaZ1Joo3-9aWJr5cVO0Jdg,1,"[{'alias': 'boatcharters', 'title': 'Boat Charters'}, {'alias': 'carrental', 'title': 'Car Rental'}]",5.0,"{'latitude': 25.8175607, 'longitude': -80.1886835}",[],"{'address1': '4500 Biscayne Blvd', 'address2': 'PH-N', 'address3': '', 'city': 'Miami', 'zip_code': '33137', 'country': 'US', 'state': 'FL', 'display_address': ['4500 Biscayne Blvd', 'PH-N', 'Miami, FL 33137']}",+17867173828,(786) 717-3828,5561.30116795857,
fJ-lkVND82tbtKosCS3qFQ,carnival-ecstasy-cruise-ship-miami,Carnival Ecstasy Cruise Ship,https://s3-media4.fl.yelpcdn.com/bphoto/MiUud40MplWbAKRtXS93pw/o.jpg,False,https://www.yelp.com/biz/carnival-ecstasy-cruise-ship-miami?adjust_creative=xaZ1Joo3-9aWJr5cVO0Jdg&utm_campaign=yelp_api_v3&utm_medium=api_v3_business_search&utm_source=xaZ1Joo3-9aWJr5cVO0Jdg,46,"[{'alias': 'boattours', 'title': 'Boat Tours'}]",3.0,"{'latitude': 25.78141, 'longitude': -80.19064}",[],"{'address1': '', 'address2': '', 'address3': '', 'city': 'Miami', 'zip_code': '33132', 'country': 'US', 'state': 'FL', 'display_address': ['Miami, FL 33132']}",+18007647419,(800) 764-7419,6203.905859940395,
zdizrCU9NPdgUuUdi2Bh4w,billie-swamp-safari-clewiston,Billie Swamp Safari,https://s3-media2.fl.yelpcdn.com/bphoto/YqALa5p4IKuFopxvG1QO1A/o.jpg,False,https://www.yelp.com/biz/billie-swamp-safari-clewiston?adjust_creative=xaZ1Joo3-9aWJr5cVO0Jdg&utm_campaign=yelp_api_v3&utm_medium=api_v3_business_search&utm_source=xaZ1Joo3-9aWJr5cVO0Jdg,104,"[{'alias': 'zoos', 'title': 'Zoos'}, {'alias': 'boattours', 'title': 'Boat Tours'}]",4.0,"{'latitude': 26.330038, 'longitude': -81.054536}",[],"{'address1': '30000 Gator Tail Trl', 'address2': '', 'address3': 'Big Cypress Seminole Reservation', 'city': 'Clewiston', 'zip_code': '33440', 'country': 'US', 'state': 'FL', 'display_address': ['30000 Gator Tail Trl', 'Big Cypress Seminole Reservation', 'Clewiston, FL 33440']}",+18639836101,(863) 983-6101,102554.3148175398,
l4XqjcTMv_QqetHRVQo7mQ,azamara-club-cruises-miami-2,Azamara Club Cruises,https://s3-media3.fl.yelpcdn.com/bphoto/dSstqyQFu8vJ1yn1zm_olw/o.jpg,False,https://www.yelp.com/biz/azamara-club-cruises-miami-2?adjust_creative=xaZ1Joo3-9aWJr5cVO0Jdg&utm_campaign=yelp_api_v3&utm_medium=api_v3_business_search&utm_source=xaZ1Joo3-9aWJr5cVO0Jdg,18,"[{'alias': 'tours', 'title': 'Tours'}]",2.5,"{'latitude': 25.7752657, 'longitude': -80.1777309}",[],"{'address1': '1050 Caribbean Way', 'address2': None, 'address3': '', 'city': 'Miami', 'zip_code': '33132', 'country': 'US', 'state': 'FL', 'display_address': ['1050 Caribbean Way', 'Miami, FL 33132']}",+18779999553,(877) 999-9553,5075.9290854936735,
5mfaY7km8dYVj6JI-nQD9A,royal-caribbean-cruise-line-miami-2,Royal Caribbean cruise line,https://s3-media2.fl.yelpcdn.com/bphoto/3DW0laJe7E9dWpSA2OJ4CA/o.jpg,False,https://www.yelp.com/biz/royal-caribbean-cruise-line-miami-2?adjust_creative=xaZ1Joo3-9aWJr5cVO0Jdg&utm_campaign=yelp_api_v3&utm_medium=api_v3_business_search&utm_source=xaZ1Joo3-9aWJr5cVO0Jdg,18,"[{'alias': 'tours', 'title': 'Tours'}]",2.0,"{'latitude': 25.7762073340556, 'longitude': -80.1699493825436}",[],"{'address1': '1435 N Cruise Blvd', 'address2': 'Port of Miami', 'address3': None, 'city': 'Miami', 'zip_code': '33132', 'country': 'US', 'state': 'FL', 'display_address': ['1435 N Cruise Blvd', 'Port of Miami', 'Miami, FL 33132']}",,,5889.625356507426,
zFqGX8nAwoEJ276IWVsPBw,prime-luxury-rentals-miami-4,Prime Luxury Rentals,https://s3-media3.fl.yelpcdn.com/bphoto/Q0V008x7XX91cwImY5sUjg/o.jpg,False,https://www.yelp.com/biz/prime-luxury-rentals-miami-4?adjust_creative=xaZ1Joo3-9aWJr5cVO0Jdg&utm_campaign=yelp_api_v3&utm_medium=api_v3_business_search&utm_source=xaZ1Joo3-9aWJr5cVO0Jdg,51,"[{'alias': 'boatcharters', 'title': 'Boat Charters'}, {'alias': 'carrental', 'title': 'Car Rental'}, {'alias': 'boating', 'title': 'Boating'}]",4.0,"{'latitude': 25.783161, 'longitude': -80.189665}",[],"{'address1': '990 Biscayne Blvd', 'address2': 'Ste 501', 'address3': '', 'city': 'Miami', 'zip_code': '33132', 'country': 'US', 'state': 'FL', 'display_address': ['990 Biscayne Blvd', 'Ste 501', 'Miami, FL 33132']}",+13058923573,(305) 892-3573,3873.7302570410156,
2ugBMDfJ13wr10maSr3Faw,miami-double-decker-miami-beach,Miami Double Decker,https://s3-media3.fl.yelpcdn.com/bphoto/hT9lNp4dsptoXTf7q3C11w/o.jpg,False,https://www.yelp.com/biz/miami-double-decker-miami-beach?adjust_creative=xaZ1Joo3-9aWJr5cVO0Jdg&utm_campaign=yelp_api_v3&utm_medium=api_v3_business_search&utm_source=xaZ1Joo3-9aWJr5cVO0Jdg,109,"[{'alias': 'tours', 'title': 'Tours'}]",2.0,"{'latitude': 25.7910195778965, 'longitude': -80.1318028441803}",[],"{'address1': '', 'address2': None, 'address3': None, 'city': 'Miami Beach', 'zip_code': '33139', 'country': 'US', 'state': 'FL', 'display_address': ['Miami Beach, FL 33139']}",+13058659999,(305) 865-9999,9712.098754793566,
iYNXAdcQ9ttgD3VntSpHjQ,miami-tours-miami-beach-2,Miami Tours,https://s3-media4.fl.yelpcdn.com/bphoto/hrKoSjs5-6yYwuLiYR9MyQ/o.jpg,False,https://www.yelp.com/biz/miami-tours-miami-beach-2?adjust_creative=xaZ1Joo3-9aWJr5cVO0Jdg&utm_campaign=yelp_api_v3&utm_medium=api_v3_business_search&utm_source=xaZ1Joo3-9aWJr5cVO0Jdg,138,"[{'alias': 'bustours', 'title': 'Bus Tours'}]",2.0,"{'latitude': 25.790894568159985, 'longitude': -80.13099777366486}",[],"{'address1': '305 Lincoln Rd', 'address2': '', 'address3': '', 'city': 'Miami Beach', 'zip_code': '33139', 'country': 'US', 'state': 'FL', 'display_address': ['305 Lincoln Rd', 'Miami Beach, FL 33139']}",+13052220111,(305) 222-0111,9791.003774515275,
9jbmWMrxLcF33sazvFo0_w,margaritaville-adventures-coral-gables,Margaritaville Adventures,https://s3-media4.fl.yelpcdn.com/bphoto/WOxMfT82A5SyQus8NQl7Jw/o.jpg,False,https://www.yelp.com/biz/margaritaville-adventures-coral-gables?adjust_creative=xaZ1Joo3-9aWJr5cVO0Jdg&utm_campaign=yelp_api_v3&utm_medium=api_v3_business_search&utm_source=xaZ1Joo3-9aWJr5cVO0Jdg,1,"[{'alias': 'tours', 'title': 'Tours'}]",5.0,"{'latitude': 25.741314, 'longitude': -80.277452}",[],"{'address1': '1200 Anastasia Ave', 'address2': 'Ste 216', 'address3': '', 'city': 'Coral Gables', 'zip_code': '33134', 'country': 'US', 'state': 'FL', 'display_address': ['1200 Anastasia Ave', 'Ste 216', 'Coral Gables, FL 33134']}",+18005989853,(800) 598-9853,6723.054663809902,
gYLvlRw2YdEEWVx6tQe7bQ,royal-caribbean-freedom-of-the-seas-miami,"Royal Caribbean, Freedom of the Seas",https://s3-media1.fl.yelpcdn.com/bphoto/biudKIxFYOAGhD8kVAK2GA/o.jpg,False,https://www.yelp.com/biz/royal-caribbean-freedom-of-the-seas-miami?adjust_creative=xaZ1Joo3-9aWJr5cVO0Jdg&utm_campaign=yelp_api_v3&utm_medium=api_v3_business_search&utm_source=xaZ1Joo3-9aWJr5cVO0Jdg,56,"[{'alias': 'travelservices', 'title': 'Travel Services'}]",3.5,"{'latitude': 25.7748107910156, 'longitude': -80.1977310180664}",[],"{'address1': 'Crown & Anchor Society', 'address2': '', 'address3': '', 'city': 'Miami', 'zip_code': '33102', 'country': 'US', 'state': 'FL', 'display_address': ['Crown & Anchor Society', 'Miami, FL 33102']}",+18005269723,(800) 526-9723,8402.14237022037,
-yMyqjwjc7bGoPrgrV0fpg,celebrity-cruises-miami,Celebrity Cruises,https://s3-media2.fl.yelpcdn.com/bphoto/mgSmwvJpHMD-aH4U2KoHjg/o.jpg,False,https://www.yelp.com/biz/celebrity-cruises-miami?adjust_creative=xaZ1Joo3-9aWJr5cVO0Jdg&utm_campaign=yelp_api_v3&utm_medium=api_v3_business_search&utm_source=xaZ1Joo3-9aWJr5cVO0Jdg,276,"[{'alias': 'travelservices', 'title': 'Travel Services'}]",2.5,"{'latitude': 25.7759514, 'longitude': -80.1773758}",[],"{'address1': '1080 Caribbean Way', 'address2': '', 'address3': '', 'city': 'Miami', 'zip_code': '33132', 'country': 'US', 'state': 'FL', 'display_address': ['1080 Caribbean Way', 'Miami, FL 33132']}",+13052626677,(305) 262-6677,5055.038969267757,
CMdjIxBBmNpfMSinbk2a4w,hampton-inn-and-suites-by-hilton-miami-airport-south-blue-lagoon-miami-3,Hampton Inn & Suites by Hilton Miami Airport South - Blue Lagoon,https://s3-media2.fl.yelpcdn.com/bphoto/2YoONSB60pmpN8NJEj_QCw/o.jpg,False,https://www.yelp.com/biz/hampton-inn-and-suites-by-hilton-miami-airport-south-blue-lagoon-miami-3?adjust_creative=xaZ1Joo3-9aWJr5cVO0Jdg&utm_campaign=yelp_api_v3&utm_medium=api_v3_business_search&utm_source=xaZ1Joo3-9aWJr5cVO0Jdg,86,"[{'alias': 'hotels', 'title': 'Hotels'}]",3.5,"{'latitude': 25.779061016768495, 'longitude': -80.2882027116394}",[],"{'address1': '777 NW 57th Ave', 'address2': '', 'address3': '', 'city': 'Miami', 'zip_code': '33126', 'country': 'US', 'state': 'FL', 'display_address': ['777 NW 57th Ave', 'Miami, FL 33126']}",+13052625400,(305) 262-5400,6005.594720807222,$$
789i84c9cHuddWQM2y7rxQ,brickell-boat-charters-miami,Brickell Boat Charters,https://s3-media2.fl.yelpcdn.com/bphoto/T-FEGETjuM7lgrx2XPZnNA/o.jpg,False,https://www.yelp.com/biz/brickell-boat-charters-miami?adjust_creative=xaZ1Joo3-9aWJr5cVO0Jdg&utm_campaign=yelp_api_v3&utm_medium=api_v3_business_search&utm_source=xaZ1Joo3-9aWJr5cVO0Jdg,8,"[{'alias': 'boatcharters', 'title': 'Boat Charters'}]",2.5,"{'latitude': 25.76528, 'longitude': -80.1847167}",[],"{'address1': None, 'address2': None, 'address3': '', 'city': 'Miami', 'zip_code': '33131', 'country': 'US', 'state': 'FL', 'display_address': ['Miami, FL 33131']}",+19136029952,(913) 602-9952,4772.048293586297,
8v1pod8ng6yLzEBII2WhFw,norwegian-escape-miami-5,Norwegian Escape,https://s3-media4.fl.yelpcdn.com/bphoto/eXpoR7dA-iHAul_LRA4AEg/o.jpg,False,https://www.yelp.com/biz/norwegian-escape-miami-5?adjust_creative=xaZ1Joo3-9aWJr5cVO0Jdg&utm_campaign=yelp_api_v3&utm_medium=api_v3_business_search&utm_source=xaZ1Joo3-9aWJr5cVO0Jdg,72,"[{'alias': 'travelservices', 'title': 'Travel Services'}, {'alias': 'tours', 'title': 'Tours'}]",4.0,"{'latitude': 25.78119, 'longitude': -80.19068}",[],"{'address1': '', 'address2': '', 'address3': '', 'city': 'Miami', 'zip_code': '33132', 'country': 'US', 'state': 'FL', 'display_address': ['Miami, FL 33132']}",+18662347350,(866) 234-7350,6203.905859940395,
wZ9aEU78bs1_OGBDMfoS_Q,holidays-in-motion-miami,Holidays In Motion,https://s3-media1.fl.yelpcdn.com/bphoto/89xr6bMB4rw-it8IYQlw7g/o.jpg,False,https://www.yelp.com/biz/holidays-in-motion-miami?adjust_creative=xaZ1Joo3-9aWJr5cVO0Jdg&utm_campaign=yelp_api_v3&utm_medium=api_v3_business_search&utm_source=xaZ1Joo3-9aWJr5cVO0Jdg,9,"[{'alias': 'travelagents', 'title': 'Travel Agents'}]",4.5,"{'latitude': 25.7499001, 'longitude': -80.243968}",[],"{'address1': '3134 Coral Way', 'address2': None, 'address3': '', 'city': 'Miami', 'zip_code': '33145', 'country': 'US', 'state': 'FL', 'display_address': ['3134 Coral Way', 'Miami, FL 33145']}",+18008711777,(800) 871-1777,3952.5225955128935,
f7iSETMmjtoECNfoqGy07Q,celebrity-cruise-lines-miami,Celebrity Cruise Lines,https://s3-media3.fl.yelpcdn.com/bphoto/CH5oyE8zCDzULf7yVHcFGw/o.jpg,False,https://www.yelp.com/biz/celebrity-cruise-lines-miami?adjust_creative=xaZ1Joo3-9aWJr5cVO0Jdg&utm_campaign=yelp_api_v3&utm_medium=api_v3_business_search&utm_source=xaZ1Joo3-9aWJr5cVO0Jdg,59,"[{'alias': 'travelservices', 'title': 'Travel Services'}]",2.5,"{'latitude': 25.776406591185, 'longitude': -80.17794026398134}",[],"{'address1': '1050 Caribbean Way', 'address2': '', 'address3': '', 'city': 'Miami', 'zip_code': '94103', 'country': 'US', 'state': 'FL', 'display_address': ['1050 Caribbean Way', 'Miami, FL 94103']}",+18006472251,(800) 647-2251,5093.138193838119,
B2dlqfAQIVzX8H9QctoxMQ,carnival-cruise-lines-miami-4,Carnival Cruise Lines,https://s3-media2.fl.yelpcdn.com/bphoto/IwrEPWIXjaOrSoRoTABNTg/o.jpg,False,https://www.yelp.com/biz/carnival-cruise-lines-miami-4?adjust_creative=xaZ1Joo3-9aWJr5cVO0Jdg&utm_campaign=yelp_api_v3&utm_medium=api_v3_business_search&utm_source=xaZ1Joo3-9aWJr5cVO0Jdg,877,"[{'alias': 'travelservices', 'title': 'Travel Services'}]",2.0,"{'latitude': 25.8076373657855, 'longitude': -80.337206074763}",[],"{'address1': '3655 NW 87th Ave', 'address2': '', 'address3': None, 'city': 'Miami', 'zip_code': '33178', 'country': 'US', 'state': 'FL', 'display_address': ['3655 NW 87th Ave', 'Miami, FL 33178']}",+18007647419,(800) 764-7419,20204.72073163885,
-jZnCMibPIXC3rY1CpSJVw,carnival-victory-downtown-miami,Carnival Victory,https://s3-media3.fl.yelpcdn.com/bphoto/wxuyeGb6s4jbyuHEks4Z3Q/o.jpg,False,https://www.yelp.com/biz/carnival-victory-downtown-miami?adjust_creative=xaZ1Joo3-9aWJr5cVO0Jdg&utm_campaign=yelp_api_v3&utm_medium=api_v3_business_search&utm_source=xaZ1Joo3-9aWJr5cVO0Jdg,148,"[{'alias': 'boatcharters', 'title': 'Boat Charters'}]",3.0,"{'latitude': 25.7766517566255, 'longitude': -80.1701229106927}",[],"{'address1': 'Panama Way', 'address2': '', 'address3': 'Port of Miami', 'city': 'Downtown Miami', 'zip_code': '33132', 'country': 'US', 'state': 'FL', 'display_address': ['Panama Way', 'Port of Miami', 'Downtown Miami, FL 33132']}",+18007647419,(800) 764-7419,5866.640281481644,
pjgVbc_CjeU8t8nb1_AlDQ,gray-line-miami-miami,Gray Line Miami,https://s3-media1.fl.yelpcdn.com/bphoto/Z1pAbYE6L6WsnNrXFT0WkA/o.jpg,False,https://www.yelp.com/biz/gray-line-miami-miami?adjust_creative=xaZ1Joo3-9aWJr5cVO0Jdg&utm_campaign=yelp_api_v3&utm_medium=api_v3_business_search&utm_source=xaZ1Joo3-9aWJr5cVO0Jdg,25,"[{'alias': 'tours', 'title': 'Tours'}]",1.5,"{'latitude': 25.77447, 'longitude': -80.19054}",[],"{'address1': '199 E Flagler St', 'address2': 'Ste 1120', 'address3': '', 'city': 'Miami', 'zip_code': '33131', 'country': 'US', 'state': 'FL', 'display_address': ['199 E Flagler St', 'Ste 1120', 'Miami, FL 33131']}",+18776431258,(877) 643-1258,3886.8545389025994,
a95aeKtWrtxgArm0c9PWSQ,coral-reef-yacht-club-miami,Coral Reef Yacht Club,https://s3-media1.fl.yelpcdn.com/bphoto/e98Gl60a1ePprJ2r4TGtAA/o.jpg,False,https://www.yelp.com/biz/coral-reef-yacht-club-miami?adjust_creative=xaZ1Joo3-9aWJr5cVO0Jdg&utm_campaign=yelp_api_v3&utm_medium=api_v3_business_search&utm_source=xaZ1Joo3-9aWJr5cVO0Jdg,15,"[{'alias': 'boatcharters', 'title': 'Boat Charters'}]",4.5,"{'latitude': 25.732629180621785, 'longitude': -80.23109637985995}",[],"{'address1': '2484 S Bayshore Dr', 'address2': '', 'address3': '', 'city': 'Miami', 'zip_code': '33133', 'country': 'US', 'state': 'FL', 'display_address': ['2484 S Bayshore Dr', 'Miami, FL 33133']}",+13058581733,(305) 858-1733,5557.095553739404,
fXxDPGy3vMqq7c3Nko1g4g,miami-like-a-boss-miami-beach,Miami Like A Boss,https://s3-media1.fl.yelpcdn.com/bphoto/ie1MCSvIJppFf8zauG5HLQ/o.jpg,False,https://www.yelp.com/biz/miami-like-a-boss-miami-beach?adjust_creative=xaZ1Joo3-9aWJr5cVO0Jdg&utm_campaign=yelp_api_v3&utm_medium=api_v3_business_search&utm_source=xaZ1Joo3-9aWJr5cVO0Jdg,5,"[{'alias': 'boatcharters', 'title': 'Boat Charters'}]",4.0,"{'latitude': 25.771630000000002, 'longitude': -80.139593}",[],"{'address1': '300 Alton Rd', 'address2': '', 'address3': '', 'city': 'Miami Beach', 'zip_code': '33139', 'country': 'US', 'state': 'FL', 'display_address': ['300 Alton Rd', 'Miami Beach, FL 33139']}",+13057020255,(305) 702-0255,8989.73869545333,
tarubfcpBwirV3yvNji4GA,deering-estate-palmetto-bay,Deering Estate,https://s3-media3.fl.yelpcdn.com/bphoto/rUOpVqiDmYVcLWJ4bbznIQ/o.jpg,False,https://www.yelp.com/biz/deering-estate-palmetto-bay?adjust_creative=xaZ1Joo3-9aWJr5cVO0Jdg&utm_campaign=yelp_api_v3&utm_medium=api_v3_business_search&utm_source=xaZ1Joo3-9aWJr5cVO0Jdg,98,"[{'alias': 'museums', 'title': 'Museums'}, {'alias': 'historicaltours', 'title': 'Historical Tours'}, {'alias': 'landmarks', 'title': 'Landmarks & Historical Buildings'}]",4.5,"{'latitude': 25.6155325, 'longitude': -80.3082559}",[],"{'address1': '16701 SW 72nd Ave', 'address2': '', 'address3': '', 'city': 'Palmetto Bay', 'zip_code': '33157', 'country': 'US', 'state': 'FL', 'display_address': ['16701 SW 72nd Ave', 'Palmetto Bay, FL 33157']}",+13052351668,(305) 235-1668,20178.180815767708,
qfdXkrsGoSRUjiCvfr4ZPw,intercontinental-miami-miami,InterContinental Miami,https://s3-media1.fl.yelpcdn.com/bphoto/wbLcBNNRnIcUH2EbagmG3Q/o.jpg,False,https://www.yelp.com/biz/intercontinental-miami-miami?adjust_creative=xaZ1Joo3-9aWJr5cVO0Jdg&utm_campaign=yelp_api_v3&utm_medium=api_v3_business_search&utm_source=xaZ1Joo3-9aWJr5cVO0Jdg,502,"[{'alias': 'hotels', 'title': 'Hotels'}]",3.5,"{'latitude': 25.7723799, 'longitude': -80.18532}",[],"{'address1': '100 Chopin Plz', 'address2': '', 'address3': '', 'city': 'Miami', 'zip_code': '33131', 'country': 'US', 'state': 'FL', 'display_address': ['100 Chopin Plz', 'Miami, FL 33131']}",+13055771000,(305) 577-1000,4412.79058712314,$$$
rWlTkZTo8TXVY5YSoMdZmw,kelley-fishing-fleet-miami,Kelley Fishing Fleet,https://s3-media4.fl.yelpcdn.com/bphoto/uY14AI88SxG8qMeWJJ5p-Q/o.jpg,False,https://www.yelp.com/biz/kelley-fishing-fleet-miami?adjust_creative=xaZ1Joo3-9aWJr5cVO0Jdg&utm_campaign=yelp_api_v3&utm_medium=api_v3_business_search&utm_source=xaZ1Joo3-9aWJr5cVO0Jdg,63,"[{'alias': 'fishing', 'title': 'Fishing'}, {'alias': 'boatcharters', 'title': 'Boat Charters'}]",3.5,"{'latitude': 25.9116846, 'longitude': -80.1228649}",[],"{'address1': '10800 Collins Ave', 'address2': '', 'address3': '', 'city': 'Miami', 'zip_code': '33154', 'country': 'US', 'state': 'FL', 'display_address': ['10800 Collins Ave', 'Miami, FL 33154']}",+13059453801,(305) 945-3801,16422.934791483563,
DSyXCSf7K8Z9d4X8QnrEbg,msc-divina-miami,MSC Divina,https://s3-media2.fl.yelpcdn.com/bphoto/qzlco7-V2O6Mk4PolcuQtg/o.jpg,False,https://www.yelp.com/biz/msc-divina-miami?adjust_creative=xaZ1Joo3-9aWJr5cVO0Jdg&utm_campaign=yelp_api_v3&utm_medium=api_v3_business_search&utm_source=xaZ1Joo3-9aWJr5cVO0Jdg,123,"[{'alias': 'hotelstravel', 'title': 'Hotels & Travel'}]",2.5,"{'latitude': 25.7738991098628, 'longitude': -80.166862777106}",[],"{'address1': '1920 Africa Way', 'address2': '', 'address3': '', 'city': 'Miami', 'zip_code': '33132', 'country': 'US', 'state': 'FL', 'display_address': ['1920 Africa Way', 'Miami, FL 33132']}",,,6167.350095775129,
WrQJNE8qI3R4GfoExN6ozg,miami-airport-marriott-miami-3,Miami Airport Marriott,https://s3-media2.fl.yelpcdn.com/bphoto/Is7TdMK-00AwhXn_TDKY6Q/o.jpg,False,https://www.yelp.com/biz/miami-airport-marriott-miami-3?adjust_creative=xaZ1Joo3-9aWJr5cVO0Jdg&utm_campaign=yelp_api_v3&utm_medium=api_v3_business_search&utm_source=xaZ1Joo3-9aWJr5cVO0Jdg,151,"[{'alias': 'hotels', 'title': 'Hotels'}, {'alias': 'venues', 'title': 'Venues & Event Spaces'}]",3.0,"{'latitude': 25.784021, 'longitude': -80.262897}",[],"{'address1': '1201 NW Le Jeune Rd', 'address2': 'Bldg A', 'address3': '', 'city': 'Miami', 'zip_code': '33126', 'country': 'US', 'state': 'FL', 'display_address': ['1201 NW Le Jeune Rd', 'Bldg A', 'Miami, FL 33126']}",+13056495000,(305) 649-5000,3463.133083701758,$$
KLSeuq0DRe3O0-gK7iI8zA,norwegian-sky-miami,Norwegian Sky,https://s3-media2.fl.yelpcdn.com/bphoto/bC7fczFZBZZVEbtf7s2vjw/o.jpg,False,https://www.yelp.com/biz/norwegian-sky-miami?adjust_creative=xaZ1Joo3-9aWJr5cVO0Jdg&utm_campaign=yelp_api_v3&utm_medium=api_v3_business_search&utm_source=xaZ1Joo3-9aWJr5cVO0Jdg,53,"[{'alias': 'travelservices', 'title': 'Travel Services'}]",3.0,"{'latitude': 25.7771312228917, 'longitude': -80.1721110798933}",[],"{'address1': '7665 Corporate Ctr Dr', 'address2': '', 'address3': '', 'city': 'Miami', 'zip_code': '33132', 'country': 'US', 'state': 'FL', 'display_address': ['7665 Corporate Ctr Dr', 'Miami, FL 33132']}",+18662347350,(866) 234-7350,5662.932243688441,
t3N4vmTZepCfCLdgJGuYPw,residence-inn-by-marriott-miami-airport-miami-2,Residence Inn by Marriott Miami Airport,https://s3-media1.fl.yelpcdn.com/bphoto/G4hZ4Bn_IAriUU2G5vAfdA/o.jpg,False,https://www.yelp.com/biz/residence-inn-by-marriott-miami-airport-miami-2?adjust_creative=xaZ1Joo3-9aWJr5cVO0Jdg&utm_campaign=yelp_api_v3&utm_medium=api_v3_business_search&utm_source=xaZ1Joo3-9aWJr5cVO0Jdg,38,"[{'alias': 'hotels', 'title': 'Hotels'}, {'alias': 'venues', 'title': 'Venues & Event Spaces'}]",3.5,"{'latitude': 25.78427, 'longitude': -80.26239}",[],"{'address1': '1201 NW 42nd Ave', 'address2': '', 'address3': '', 'city': 'Miami', 'zip_code': '33126', 'country': 'US', 'state': 'FL', 'display_address': ['1201 NW 42nd Ave', 'Miami, FL 33126']}",+13056428570,(305) 642-8570,3417.1731803686093,$$
9gKYO_Ko5ItcKXfszaz-BQ,norwegian-cruise-line-sky-miami,Norwegian Cruise Line - Sky,https://s3-media3.fl.yelpcdn.com/bphoto/i7DhoGJ3niiZbsiZNqvAGQ/o.jpg,False,https://www.yelp.com/biz/norwegian-cruise-line-sky-miami?adjust_creative=xaZ1Joo3-9aWJr5cVO0Jdg&utm_campaign=yelp_api_v3&utm_medium=api_v3_business_search&utm_source=xaZ1Joo3-9aWJr5cVO0Jdg,66,"[{'alias': 'travelservices', 'title': 'Travel Services'}]",3.5,"{'latitude': 25.77681, 'longitude': -80.17238}",[],"{'address1': '26 North Cruise Blvd', 'address2': '', 'address3': '', 'city': 'Miami', 'zip_code': '33132', 'country': 'US', 'state': 'FL', 'display_address': ['26 North Cruise Blvd', 'Miami, FL 33132']}",,,6238.216766969753,
ybrmIcLM_3p2Fonx3RqHMw,carnival-sensation-miami-2,Carnival Sensation,https://s3-media4.fl.yelpcdn.com/bphoto/xOeeG5IFMpE1V95xEZN2Ug/o.jpg,False,https://www.yelp.com/biz/carnival-sensation-miami-2?adjust_creative=xaZ1Joo3-9aWJr5cVO0Jdg&utm_campaign=yelp_api_v3&utm_medium=api_v3_business_search&utm_source=xaZ1Joo3-9aWJr5cVO0Jdg,59,"[{'alias': 'boattours', 'title': 'Boat Tours'}]",2.5,"{'latitude': 25.7780583054721, 'longitude': -80.1731557480495}",[],"{'address1': '1265 S America Way', 'address2': '', 'address3': None, 'city': 'Miami', 'zip_code': '33132', 'country': 'US', 'state': 'FL', 'display_address': ['1265 S America Way', 'Miami, FL 33132']}",+13054064779,(305) 406-4779,5548.699036495776,
8zcJ7aUcJZkVZxVyguunAQ,carnival-glory-miami,Carnival Glory,https://s3-media2.fl.yelpcdn.com/bphoto/8sD_lxF1X2FM7xlnATenkw/o.jpg,False,https://www.yelp.com/biz/carnival-glory-miami?adjust_creative=xaZ1Joo3-9aWJr5cVO0Jdg&utm_campaign=yelp_api_v3&utm_medium=api_v3_business_search&utm_source=xaZ1Joo3-9aWJr5cVO0Jdg,68,"[{'alias': 'resorts', 'title': 'Resorts'}]",3.5,"{'latitude': 25.77684, 'longitude': -80.172406}",[],"{'address1': 'N Cruise Blvd', 'address2': '', 'address3': '', 'city': 'Miami', 'zip_code': '33132', 'country': 'US', 'state': 'FL', 'display_address': ['N Cruise Blvd', 'Miami, FL 33132']}",,,5637.129132706355,
aVGTrsarzodgLxBZ6l682g,hot-shot-charters-llc-miami,"Hot Shot Charters, LLC",https://s3-media3.fl.yelpcdn.com/bphoto/9lbOIr-qN3uoS78RCK13og/o.jpg,False,https://www.yelp.com/biz/hot-shot-charters-llc-miami?adjust_creative=xaZ1Joo3-9aWJr5cVO0Jdg&utm_campaign=yelp_api_v3&utm_medium=api_v3_business_search&utm_source=xaZ1Joo3-9aWJr5cVO0Jdg,9,"[{'alias': 'fishing', 'title': 'Fishing'}, {'alias': 'boatcharters', 'title': 'Boat Charters'}]",4.5,"{'latitude': 25.727342475671033, 'longitude': -80.23249519223823}",[],"{'address1': '3400 Pan American Dr', 'address2': '', 'address3': 'Pier 9, Slip 7', 'city': 'Miami', 'zip_code': '33133', 'country': 'US', 'state': 'FL', 'display_address': ['3400 Pan American Dr', 'Pier 9, Slip 7', 'Miami, FL 33133']}",+13056083913,(305) 608-3913,6152.165410139444,
gwf9crcg6TMv05eHpu4wkw,royal-caribbean-empress-of-the-seas-miami-2,Royal Caribbean - Empress of the Seas,https://s3-media4.fl.yelpcdn.com/bphoto/WxeOwkFDFT7xxV4FRDHZYQ/o.jpg,False,https://www.yelp.com/biz/royal-caribbean-empress-of-the-seas-miami-2?adjust_creative=xaZ1Joo3-9aWJr5cVO0Jdg&utm_campaign=yelp_api_v3&utm_medium=api_v3_business_search&utm_source=xaZ1Joo3-9aWJr5cVO0Jdg,20,"[{'alias': 'tours', 'title': 'Tours'}, {'alias': 'boating', 'title': 'Boating'}]",2.5,"{'latitude': 25.779435073682, 'longitude': -80.1768198609352}",[],"{'address1': '1103 N Cruise Blvd', 'address2': '', 'address3': None, 'city': 'Miami', 'zip_code': '33132', 'country': 'US', 'state': 'FL', 'display_address': ['1103 N Cruise Blvd', 'Miami, FL 33132']}",,,5170.895452317898,
9sHfvzyHd-J6T74QY05meQ,msc-seaside-miami-3,MSC Seaside,https://s3-media2.fl.yelpcdn.com/bphoto/5r04g9nvzBhcRQ7Wz60K-A/o.jpg,False,https://www.yelp.com/biz/msc-seaside-miami-3?adjust_creative=xaZ1Joo3-9aWJr5cVO0Jdg&utm_campaign=yelp_api_v3&utm_medium=api_v3_business_search&utm_source=xaZ1Joo3-9aWJr5cVO0Jdg,62,"[{'alias': 'transport', 'title': 'Transportation'}, {'alias': 'boating', 'title': 'Boating'}]",2.0,"{'latitude': 25.7789212769162, 'longitude': -80.177072410595}",[],"{'address1': '1103 N Cruise Blvd', 'address2': 'Cruise Terminal F', 'address3': None, 'city': 'Miami', 'zip_code': '33132', 'country': 'US', 'state': 'FL', 'display_address': ['1103 N Cruise Blvd', 'Cruise Terminal F', 'Miami, FL 33132']}",,,5149.830155225449,
qVqcpajNN_oZ6972V1b9lw,carnival-liberty-cruise-ship-miami,Carnival Liberty Cruise Ship,https://s3-media3.fl.yelpcdn.com/bphoto/uIKzeNxXX2RWaArLc2KOww/o.jpg,False,https://www.yelp.com/biz/carnival-liberty-cruise-ship-miami?adjust_creative=xaZ1Joo3-9aWJr5cVO0Jdg&utm_campaign=yelp_api_v3&utm_medium=api_v3_business_search&utm_source=xaZ1Joo3-9aWJr5cVO0Jdg,22,"[{'alias': 'boatcharters', 'title': 'Boat Charters'}]",3.5,"{'latitude': 25.7771109, 'longitude': -80.1726921}",[],"{'address1': '1265 N Cruise Blvd', 'address2': '', 'address3': '', 'city': 'Miami', 'zip_code': '33132', 'country': 'US', 'state': 'FL', 'display_address': ['1265 N Cruise Blvd', 'Miami, FL 33132']}",,,5528.060746859628,
DTj4j1tXdOVBcivBaw-seA,south-beach-charters-miami,South Beach Charters,https://s3-media2.fl.yelpcdn.com/bphoto/sK-YGSmhE7Nn84qfqryewA/o.jpg,False,https://www.yelp.com/biz/south-beach-charters-miami?adjust_creative=xaZ1Joo3-9aWJr5cVO0Jdg&utm_campaign=yelp_api_v3&utm_medium=api_v3_business_search&utm_source=xaZ1Joo3-9aWJr5cVO0Jdg,26,"[{'alias': 'boatcharters', 'title': 'Boat Charters'}, {'alias': 'boating', 'title': 'Boating'}]",2.0,"{'latitude': 25.766371, 'longitude': -80.1974753}",[],"{'address1': '247 SW 8th St', 'address2': 'Ste 412', 'address3': '', 'city': 'Miami', 'zip_code': '33130', 'country': 'US', 'state': 'FL', 'display_address': ['247 SW 8th St', 'Ste 412', 'Miami, FL 33130']}",+18007258543,(800) 725-8543,3576.3719776130156,
Ijqrt1dFQuFQ-coKHj3HZQ,galene-charters-miami-2,Galene Charters,https://s3-media2.fl.yelpcdn.com/bphoto/a76IK7oiqr8WbtoiWZq1iw/o.jpg,False,https://www.yelp.com/biz/galene-charters-miami-2?adjust_creative=xaZ1Joo3-9aWJr5cVO0Jdg&utm_campaign=yelp_api_v3&utm_medium=api_v3_business_search&utm_source=xaZ1Joo3-9aWJr5cVO0Jdg,9,"[{'alias': 'boatcharters', 'title': 'Boat Charters'}]",4.5,"{'latitude': 25.791293053215636, 'longitude': -80.1861552}",[],"{'address1': '1717 N Bayshore Dr', 'address2': '', 'address3': '', 'city': 'Miami', 'zip_code': '33132', 'country': 'US', 'state': 'FL', 'display_address': ['1717 N Bayshore Dr', 'Miami, FL 33132']}",+19175325252,(917) 532-5252,4334.969367483352,
dRiXbRXmHimjSvu4v2mgfw,fishing-headquarters-fort-lauderdale,Fishing Headquarters,https://s3-media2.fl.yelpcdn.com/bphoto/-QLuT0ogMOa6hk-fjxwYFg/o.jpg,False,https://www.yelp.com/biz/fishing-headquarters-fort-lauderdale?adjust_creative=xaZ1Joo3-9aWJr5cVO0Jdg&utm_campaign=yelp_api_v3&utm_medium=api_v3_business_search&utm_source=xaZ1Joo3-9aWJr5cVO0Jdg,202,"[{'alias': 'boatcharters', 'title': 'Boat Charters'}, {'alias': 'fishing', 'title': 'Fishing'}, {'alias': 'tours', 'title': 'Tours'}]",4.0,"{'latitude': 26.11866, 'longitude': -80.106}",[],"{'address1': '301 Seabreeze Blvd', 'address2': '', 'address3': '', 'city': 'Fort Lauderdale', 'zip_code': '33316', 'country': 'US', 'state': 'FL', 'display_address': ['301 Seabreeze Blvd', 'Fort Lauderdale, FL 33316']}",+17542147863,(754) 214-7863,39325.31775255158,
6yQbmq6zwu2DiyPRdM8K3w,norwegian-cruise-lines-miami-4,Norwegian Cruise Lines,https://s3-media3.fl.yelpcdn.com/bphoto/OgxUrb7u2okqqb-Y3UHmmw/o.jpg,False,https://www.yelp.com/biz/norwegian-cruise-lines-miami-4?adjust_creative=xaZ1Joo3-9aWJr5cVO0Jdg&utm_campaign=yelp_api_v3&utm_medium=api_v3_business_search&utm_source=xaZ1Joo3-9aWJr5cVO0Jdg,94,"[{'alias': 'travelservices', 'title': 'Travel Services'}]",3.0,"{'latitude': 25.7848529815674, 'longitude': -80.1891250610352}",[],"{'address1': None, 'address2': None, 'address3': None, 'city': 'Miami', 'zip_code': '33132', 'country': 'US', 'state': 'FL', 'display_address': ['Miami, FL 33132']}",,,6203.905859940395,
OZtbzSl66cZZWZawIqQHjg,alamo-rent-a-car-miami-5,Alamo Rent A Car,https://s3-media1.fl.yelpcdn.com/bphoto/0QygoFS9PgveN7WMZRtPDQ/o.jpg,False,https://www.yelp.com/biz/alamo-rent-a-car-miami-5?adjust_creative=xaZ1Joo3-9aWJr5cVO0Jdg&utm_campaign=yelp_api_v3&utm_medium=api_v3_business_search&utm_source=xaZ1Joo3-9aWJr5cVO0Jdg,272,"[{'alias': 'carrental', 'title': 'Car Rental'}]",3.5,"{'latitude': 25.7969309014171, 'longitude': -80.2597966940812}",[],"{'address1': '3900 NW 25th St', 'address2': 'Ste 400', 'address3': None, 'city': 'Miami', 'zip_code': '33142', 'country': 'US', 'state': 'FL', 'display_address': ['3900 NW 25th St', 'Ste 400', 'Miami, FL 33142']}",+18448910547,(844) 891-0547,3531.736187890427,
nUamlgLBKszw5VyH98I8Ww,mansion-key-miami-beach,Mansion Key,https://s3-media2.fl.yelpcdn.com/bphoto/nCQyjtcc2645910ATyljkQ/o.jpg,False,https://www.yelp.com/biz/mansion-key-miami-beach?adjust_creative=xaZ1Joo3-9aWJr5cVO0Jdg&utm_campaign=yelp_api_v3&utm_medium=api_v3_business_search&utm_source=xaZ1Joo3-9aWJr5cVO0Jdg,15,"[{'alias': 'boatcharters', 'title': 'Boat Charters'}, {'alias': 'jetskis', 'title': 'Jet Skis'}]",3.0,"{'latitude': 25.8326965, 'longitude': -80.1200893}",[],"{'address1': '5401 Collins Ave', 'address2': None, 'address3': None, 'city': 'Miami Beach', 'zip_code': '33139', 'country': 'US', 'state': 'FL', 'display_address': ['5401 Collins Ave', 'Miami Beach, FL 33139']}",+17866344388,(786) 634-4388,12187.827230008155,
Stxw7W29vOiqTflZWbWWXQ,miami-seaquarium-key-biscayne,Miami Seaquarium,https://s3-media4.fl.yelpcdn.com/bphoto/yc4dv6ZoHShpvbRMWw6aDg/o.jpg,False,https://www.yelp.com/biz/miami-seaquarium-key-biscayne?adjust_creative=xaZ1Joo3-9aWJr5cVO0Jdg&utm_campaign=yelp_api_v3&utm_medium=api_v3_business_search&utm_source=xaZ1Joo3-9aWJr5cVO0Jdg,767,"[{'alias': 'aquariums', 'title': 'Aquariums'}, {'alias': 'tours', 'title': 'Tours'}]",2.0,"{'latitude': 25.73425, 'longitude': -80.16521}",[],"{'address1': '4400 Rickenbacker Cswy', 'address2': '', 'address3': '', 'city': 'Key Biscayne', 'zip_code': '33149', 'country': 'US', 'state': 'FL', 'display_address': ['4400 Rickenbacker Cswy', 'Key Biscayne, FL 33149']}",+13053615705,(305) 361-5705,8319.725217555851,
tjlxvkk-uBS6CV8rvzOY5g,juliet-sailing-and-diving-miami,Juliet Sailing and Diving,https://s3-media2.fl.yelpcdn.com/bphoto/211YQ6hSR4ttBYQ-IOHu4w/o.jpg,False,https://www.yelp.com/biz/juliet-sailing-and-diving-miami?adjust_creative=xaZ1Joo3-9aWJr5cVO0Jdg&utm_campaign=yelp_api_v3&utm_medium=api_v3_business_search&utm_source=xaZ1Joo3-9aWJr5cVO0Jdg,10,"[{'alias': 'scuba', 'title': 'Scuba Diving'}, {'alias': 'tours', 'title': 'Tours'}]",5.0,"{'latitude': 25.7738321, 'longitude': -80.1899842}",[],"{'address1': '25 SE 2nd Ave', 'address2': 'Ste 406', 'address3': '', 'city': 'Miami', 'zip_code': '33131', 'country': 'US', 'state': 'FL', 'display_address': ['25 SE 2nd Ave', 'Ste 406', 'Miami, FL 33131']}",+18665585438,(866) 558-5438,3961.580111605214,
G4iTsJGURb8s66NeUbn5-w,royal-palm-south-beach-miami-a-tribute-portfolio-resort-miami-beach,"Royal Palm South Beach Miami, a Tribute Portfolio Resort",https://s3-media4.fl.yelpcdn.com/bphoto/A1Qn7jL2b1yCjuBYSsInZw/o.jpg,False,https://www.yelp.com/biz/royal-palm-south-beach-miami-a-tribute-portfolio-resort-miami-beach?adjust_creative=xaZ1Joo3-9aWJr5cVO0Jdg&utm_campaign=yelp_api_v3&utm_medium=api_v3_business_search&utm_source=xaZ1Joo3-9aWJr5cVO0Jdg,502,"[{'alias': 'hotels', 'title': 'Hotels'}]",2.5,"{'latitude': 25.7885094, 'longitude': -80.1293106}",[],"{'address1': '1545 Collins Ave', 'address2': '', 'address3': '', 'city': 'Miami Beach', 'zip_code': '33139', 'country': 'US', 'state': 'FL', 'display_address': ['1545 Collins Ave', 'Miami Beach, FL 33139']}",+13056045700,(305) 604-5700,9941.713344068306,$$
AJayeEvL9OV0kBod6sOwmQ,norwegian-cruise-line-downtown-miami,Norwegian Cruise Line,https://s3-media4.fl.yelpcdn.com/bphoto/8zmMYxdOzJK9G_qWN2_tZA/o.jpg,False,https://www.yelp.com/biz/norwegian-cruise-line-downtown-miami?adjust_creative=xaZ1Joo3-9aWJr5cVO0Jdg&utm_campaign=yelp_api_v3&utm_medium=api_v3_business_search&utm_source=xaZ1Joo3-9aWJr5cVO0Jdg,84,"[{'alias': 'tours', 'title': 'Tours'}]",3.0,"{'latitude': 25.7741739126379, 'longitude': -80.1666355133057}",[],"{'address1': '24 Africa Way', 'address2': '', 'address3': '', 'city': 'Downtown Miami', 'zip_code': '33132', 'country': 'US', 'state': 'FL', 'display_address': ['24 Africa Way', 'Downtown Miami, FL 33132']}",,,6248.8894010334225,
ApjlMVg2qZBhokbDIgHgTw,key-lime-bike-tours-key-west,Key Lime Bike Tours,https://s3-media3.fl.yelpcdn.com/bphoto/T-gzadNnzdKy2sN6saogGg/o.jpg,False,https://www.yelp.com/biz/key-lime-bike-tours-key-west?adjust_creative=xaZ1Joo3-9aWJr5cVO0Jdg&utm_campaign=yelp_api_v3&utm_medium=api_v3_business_search&utm_source=xaZ1Joo3-9aWJr5cVO0Jdg,106,"[{'alias': 'biketours', 'title': 'Bike tours'}]",5.0,"{'latitude': 24.5596229, 'longitude': -81.8048243}",[],"{'address1': '122 Ann St', 'address2': None, 'address3': '', 'city': 'Key West', 'zip_code': '33040', 'country': 'US', 'state': 'FL', 'display_address': ['122 Ann St', 'Key West, FL 33040']}",+13053407834,(305) 340-7834,208940.7024893821,
nao14PM9SXsLQkkv9eGl_g,bruschi-boat-rental-miami,Bruschi Boat Rental,https://s3-media4.fl.yelpcdn.com/bphoto/6X91MTt_1clVkDx4knuzuw/o.jpg,False,https://www.yelp.com/biz/bruschi-boat-rental-miami?adjust_creative=xaZ1Joo3-9aWJr5cVO0Jdg&utm_campaign=yelp_api_v3&utm_medium=api_v3_business_search&utm_source=xaZ1Joo3-9aWJr5cVO0Jdg,52,"[{'alias': 'boatcharters', 'title': 'Boat Charters'}, {'alias': 'boating', 'title': 'Boating'}]",4.5,"{'latitude': 25.77481, 'longitude': -80.19773}",[],"{'address1': '', 'address2': '', 'address3': None, 'city': 'Miami', 'zip_code': '33141', 'country': 'US', 'state': 'FL', 'display_address': ['Miami, FL 33141']}",+17867016078,(786) 701-6078,11239.926196750592,
6sY904Sdi2Rs7HXO3NPcuA,carnival-conquest-miami,Carnival Conquest,https://s3-media2.fl.yelpcdn.com/bphoto/TRkI1qla1a08x_uFVxnFOw/o.jpg,False,https://www.yelp.com/biz/carnival-conquest-miami?adjust_creative=xaZ1Joo3-9aWJr5cVO0Jdg&utm_campaign=yelp_api_v3&utm_medium=api_v3_business_search&utm_source=xaZ1Joo3-9aWJr5cVO0Jdg,66,"[{'alias': 'bedbreakfast', 'title': 'Bed & Breakfast'}]",3.5,"{'latitude': 25.77876, 'longitude': -80.274}",[],"{'address1': '', 'address2': '', 'address3': '', 'city': 'Miami', 'zip_code': '33126', 'country': 'US', 'state': 'FL', 'display_address': ['Miami, FL 33126']}",+17139742121,(713) 974-2121,6811.502348152176,
tMab4cfDws1q7DHZGL_IPg,doubletree-by-hilton-grand-hotel-biscayne-bay-miami-2,DoubleTree by Hilton Grand Hotel Biscayne Bay,https://s3-media2.fl.yelpcdn.com/bphoto/J8XnwF6gu0UY7v96yJn4FQ/o.jpg,False,https://www.yelp.com/biz/doubletree-by-hilton-grand-hotel-biscayne-bay-miami-2?adjust_creative=xaZ1Joo3-9aWJr5cVO0Jdg&utm_campaign=yelp_api_v3&utm_medium=api_v3_business_search&utm_source=xaZ1Joo3-9aWJr5cVO0Jdg,237,"[{'alias': 'hotels', 'title': 'Hotels'}]",2.5,"{'latitude': 25.791484203200714, 'longitude': -80.1861552}",[],"{'address1': '1717 N Bayshore Dr', 'address2': '', 'address3': '', 'city': 'Miami', 'zip_code': '33132', 'country': 'US', 'state': 'FL', 'display_address': ['1717 N Bayshore Dr', 'Miami, FL 33132']}",+13053720313,(305) 372-0313,4339.785453937837,$$
sXa8VeeRm6VUclmI-v9wiQ,comfort-suites-miami-airport-north-miami-springs,Comfort Suites Miami Airport North,https://s3-media1.fl.yelpcdn.com/bphoto/PNmpEsRpCkiwZjehmvYzLw/o.jpg,False,https://www.yelp.com/biz/comfort-suites-miami-airport-north-miami-springs?adjust_creative=xaZ1Joo3-9aWJr5cVO0Jdg&utm_campaign=yelp_api_v3&utm_medium=api_v3_business_search&utm_source=xaZ1Joo3-9aWJr5cVO0Jdg,94,"[{'alias': 'hotels', 'title': 'Hotels'}]",3.0,"{'latitude': 25.808912, 'longitude': -80.275057}",[],"{'address1': '657 Minola Drive', 'address2': '', 'address3': '', 'city': 'Miami Springs', 'zip_code': '33166', 'country': 'US', 'state': 'FL', 'display_address': ['657 Minola Drive', 'Miami Springs, FL 33166']}",+13058888404,(305) 888-8404,5519.415859769356,$$
dhMM2NBVbqVfdoaP-D-1_w,ace-sailing-charters-miami,Ace Sailing Charters,https://s3-media1.fl.yelpcdn.com/bphoto/cXbWwd7bV0_TJclDLhKg-g/o.jpg,False,https://www.yelp.com/biz/ace-sailing-charters-miami?adjust_creative=xaZ1Joo3-9aWJr5cVO0Jdg&utm_campaign=yelp_api_v3&utm_medium=api_v3_business_search&utm_source=xaZ1Joo3-9aWJr5cVO0Jdg,6,"[{'alias': 'boatcharters', 'title': 'Boat Charters'}, {'alias': 'boating', 'title': 'Boating'}, {'alias': 'sailing', 'title': 'Sailing'}]",5.0,"{'latitude': 25.778368095123252, 'longitude': -80.18676492235225}",[],"{'address1': '401 Biscayne Blvd', 'address2': '', 'address3': 'Mia Marina at Bayside', 'city': 'Miami', 'zip_code': '33132', 'country': 'US', 'state': 'FL', 'display_address': ['401 Biscayne Blvd', 'Mia Marina at Bayside', 'Miami, FL 33132']}",+13057981626,(305) 798-1626,4189.390925816388,
CaYIFBkxm9ctMwWvZkOrWw,sagamore-hotel-miami-beach,Sagamore Hotel,https://s3-media2.fl.yelpcdn.com/bphoto/Gg6mDdWiu7ujZGQs-KylsA/o.jpg,False,https://www.yelp.com/biz/sagamore-hotel-miami-beach?adjust_creative=xaZ1Joo3-9aWJr5cVO0Jdg&utm_campaign=yelp_api_v3&utm_medium=api_v3_business_search&utm_source=xaZ1Joo3-9aWJr5cVO0Jdg,192,"[{'alias': 'hotels', 'title': 'Hotels'}]",3.5,"{'latitude': 25.791649, 'longitude': -80.1296353951759}",[],"{'address1': '1671 Collins Ave', 'address2': '', 'address3': '', 'city': 'Miami Beach', 'zip_code': '33139', 'country': 'US', 'state': 'FL', 'display_address': ['1671 Collins Ave', 'Miami Beach, FL 33139']}",+13055358088,(305) 535-8088,9934.96806294675,$$$
bFpD2nNJgTNyt1ceajYJMQ,norwegian-cruise-lines-breakaway-miami,Norwegian Cruise Lines - Breakaway,https://s3-media4.fl.yelpcdn.com/bphoto/bvB1dRUVhYJbSh0jVLTXLA/o.jpg,False,https://www.yelp.com/biz/norwegian-cruise-lines-breakaway-miami?adjust_creative=xaZ1Joo3-9aWJr5cVO0Jdg&utm_campaign=yelp_api_v3&utm_medium=api_v3_business_search&utm_source=xaZ1Joo3-9aWJr5cVO0Jdg,13,"[{'alias': 'tours', 'title': 'Tours'}]",3.5,"{'latitude': 25.7792762701011, 'longitude': -80.1767608523369}",[],"{'address1': '1103 N Cruise Blvd', 'address2': '', 'address3': None, 'city': 'Miami', 'zip_code': '33132', 'country': 'US', 'state': 'FL', 'display_address': ['1103 N Cruise Blvd', 'Miami, FL 33132']}",,,5178.003211348354,
1sh-x7H8ji4OUIXiexU_iA,worldwide-cruises-miami-2,Worldwide Cruises,,False,https://www.yelp.com/biz/worldwide-cruises-miami-2?adjust_creative=xaZ1Joo3-9aWJr5cVO0Jdg&utm_campaign=yelp_api_v3&utm_medium=api_v3_business_search&utm_source=xaZ1Joo3-9aWJr5cVO0Jdg,3,"[{'alias': 'travelservices', 'title': 'Travel Services'}, {'alias': 'tours', 'title': 'Tours'}]",2.5,"{'latitude': 25.761815071106, 'longitude': -80.3379173278809}",[],"{'address1': '8784 SW 8th St', 'address2': '', 'address3': '', 'city': 'Miami', 'zip_code': '33174', 'country': 'US', 'state': 'FL', 'display_address': ['8784 SW 8th St', 'Miami, FL 33174']}",+13052232323,(305) 223-2323,11211.166130418322,
AtdVGa07M9gOryjxCLc-BQ,sailing-adventures-miami-miami,Sailing Adventures Miami,https://s3-media1.fl.yelpcdn.com/bphoto/tLm_AhU1TU-Zb2nT8ePLzA/o.jpg,False,https://www.yelp.com/biz/sailing-adventures-miami-miami?adjust_creative=xaZ1Joo3-9aWJr5cVO0Jdg&utm_campaign=yelp_api_v3&utm_medium=api_v3_business_search&utm_source=xaZ1Joo3-9aWJr5cVO0Jdg,7,"[{'alias': 'boatcharters', 'title': 'Boat Charters'}]",4.5,"{'latitude': 25.726446, 'longitude': -80.235236}",[],"{'address1': '3500 Pan American Dr', 'address2': None, 'address3': '', 'city': 'Miami', 'zip_code': '33133', 'country': 'US', 'state': 'FL', 'display_address': ['3500 Pan American Dr', 'Miami, FL 33133']}",+12486136140,(248) 613-6140,6275.8414022095985,
0o98ijPY2eYeQC61mhKcLg,big-bus-tours-miami,Big Bus Tours,https://s3-media2.fl.yelpcdn.com/bphoto/VKyVs4NlKzUTFXJ4dPDVOA/o.jpg,False,https://www.yelp.com/biz/big-bus-tours-miami?adjust_creative=xaZ1Joo3-9aWJr5cVO0Jdg&utm_campaign=yelp_api_v3&utm_medium=api_v3_business_search&utm_source=xaZ1Joo3-9aWJr5cVO0Jdg,268,"[{'alias': 'bustours', 'title': 'Bus Tours'}]",2.5,"{'latitude': 25.7791405, 'longitude': -80.1867981}",[],"{'address1': '401 Biscayne Blvd', 'address2': None, 'address3': '', 'city': 'Miami', 'zip_code': '33131', 'country': 'US', 'state': 'FL', 'display_address': ['401 Biscayne Blvd', 'Miami, FL 33131']}",+18003368233,(800) 336-8233,4215.235838734901,
IWHnHzqAnHqTlCeJxDPxFA,star-clippers-miami-2,Star Clippers,https://s3-media3.fl.yelpcdn.com/bphoto/aoSKrLq2SCPhm_8JSiZDOQ/o.jpg,False,https://www.yelp.com/biz/star-clippers-miami-2?adjust_creative=xaZ1Joo3-9aWJr5cVO0Jdg&utm_campaign=yelp_api_v3&utm_medium=api_v3_business_search&utm_source=xaZ1Joo3-9aWJr5cVO0Jdg,4,"[{'alias': 'tours', 'title': 'Tours'}, {'alias': 'travelservices', 'title': 'Travel Services'}]",2.5,"{'latitude': 25.7770175933838, 'longitude': -80.3709030151367}",[],"{'address1': '760 NW 107th Ave', 'address2': 'Ste 100', 'address3': '', 'city': 'Miami', 'zip_code': '33172', 'country': 'US', 'state': 'FL', 'display_address': ['760 NW 107th Ave', 'Ste 100', 'Miami, FL 33172']}",+18004420551,(800) 442-0551,14326.88747739544,
LCl3RnLdkUWlTI6RXTDzkg,royal-caribbean-anthem-of-the-seas-miami,Royal Caribbean - Anthem of the Seas,https://s3-media4.fl.yelpcdn.com/bphoto/MhtspkWttIEEo0Iwjc0iow/o.jpg,False,https://www.yelp.com/biz/royal-caribbean-anthem-of-the-seas-miami?adjust_creative=xaZ1Joo3-9aWJr5cVO0Jdg&utm_campaign=yelp_api_v3&utm_medium=api_v3_business_search&utm_source=xaZ1Joo3-9aWJr5cVO0Jdg,11,"[{'alias': 'hotelstravel', 'title': 'Hotels & Travel'}]",3.5,"{'latitude': 25.775256775737, 'longitude': -80.1782764371064}",[],"{'address1': '1050 Caribbean Way', 'address2': '', 'address3': 'Royal Caribbean International', 'city': 'Miami', 'zip_code': '33132', 'country': 'US', 'state': 'FL', 'display_address': ['1050 Caribbean Way', 'Royal Caribbean International', 'Miami, FL 33132']}",+18003989819,(800) 398-9819,5078.632302378735,
oRPBQXl8GT6W3Xw3meXDUQ,best-western-plus-miami-airport-north-hotel-and-suites-miami-3,Best Western Plus Miami Airport North Hotel & Suites,https://s3-media2.fl.yelpcdn.com/bphoto/mqxyQvr8iFLA1IpKr4Qs9A/o.jpg,False,https://www.yelp.com/biz/best-western-plus-miami-airport-north-hotel-and-suites-miami-3?adjust_creative=xaZ1Joo3-9aWJr5cVO0Jdg&utm_campaign=yelp_api_v3&utm_medium=api_v3_business_search&utm_source=xaZ1Joo3-9aWJr5cVO0Jdg,43,"[{'alias': 'hotels', 'title': 'Hotels'}]",4.0,"{'latitude': 25.80871, 'longitude': -80.28552}",[],"{'address1': '131 Fairway Dr', 'address2': None, 'address3': None, 'city': 'Miami', 'zip_code': '33166', 'country': 'US', 'state': 'FL', 'display_address': ['131 Fairway Dr', 'Miami, FL 33166']}",+17865151880,(786) 515-1880,6434.249520019077,$$
M6GLsG0-WlnBFKvWN2DNww,silversea-cruises-miami,Silversea Cruises,https://s3-media4.fl.yelpcdn.com/bphoto/SCTnWm_y_gSP56iJ53pw5Q/o.jpg,False,https://www.yelp.com/biz/silversea-cruises-miami?adjust_creative=xaZ1Joo3-9aWJr5cVO0Jdg&utm_campaign=yelp_api_v3&utm_medium=api_v3_business_search&utm_source=xaZ1Joo3-9aWJr5cVO0Jdg,30,"[{'alias': 'tours', 'title': 'Tours'}]",1.5,"{'latitude': 25.771128262722577, 'longitude': -80.18956446141769}",[],"{'address1': '333 SE 2nd Ave', 'address2': 'Ste 2600', 'address3': None, 'city': 'Miami', 'zip_code': '33131', 'country': 'US', 'state': 'FL', 'display_address': ['333 SE 2nd Ave', 'Ste 2600', 'Miami, FL 33131']}",+19545224499,(954) 522-4499,4085.5848631783856,
Mkfwu_r6gWUnD0vcSNzyZQ,carnival-fantasy-miami,Carnival Fantasy,https://s3-media3.fl.yelpcdn.com/bphoto/XiS7bJkm-aDbaNDOsbFx2w/o.jpg,False,https://www.yelp.com/biz/carnival-fantasy-miami?adjust_creative=xaZ1Joo3-9aWJr5cVO0Jdg&utm_campaign=yelp_api_v3&utm_medium=api_v3_business_search&utm_source=xaZ1Joo3-9aWJr5cVO0Jdg,15,"[{'alias': 'tours', 'title': 'Tours'}]",3.5,"{'latitude': 25.7753105163574, 'longitude': -80.1697998046875}",[],"{'address1': '2 Europe Way', 'address2': '', 'address3': '', 'city': 'Miami', 'zip_code': '33132', 'country': 'US', 'state': 'FL', 'display_address': ['2 Europe Way', 'Miami, FL 33132']}",+18007647419,(800) 764-7419,5980.0227882781755,
msST2WziUttElo2pFGVzwg,voyager-of-the-seas-miami,Voyager of the Seas,https://s3-media2.fl.yelpcdn.com/bphoto/VtgiMmkOBxeXtRXXjue5-w/o.jpg,False,https://www.yelp.com/biz/voyager-of-the-seas-miami?adjust_creative=xaZ1Joo3-9aWJr5cVO0Jdg&utm_campaign=yelp_api_v3&utm_medium=api_v3_business_search&utm_source=xaZ1Joo3-9aWJr5cVO0Jdg,2,"[{'alias': 'tours', 'title': 'Tours'}, {'alias': 'transport', 'title': 'Transportation'}]",4.0,"{'latitude': 25.7752657, 'longitude': -80.1777309}",[],"{'address1': '1050 Carribean Way', 'address2': '', 'address3': '', 'city': 'Miami', 'zip_code': '33132', 'country': 'US', 'state': 'FL', 'display_address': ['1050 Carribean Way', 'Miami, FL 33132']}",+18002566649,(800) 256-6649,5075.9290854936735,
MSHapPsf2C0_7kSkPr5MHA,boat-rental-miami-miami,Boat Rental Miami,https://s3-media3.fl.yelpcdn.com/bphoto/Ek0BDW7ZDJOAomhvpN3DBg/o.jpg,False,https://www.yelp.com/biz/boat-rental-miami-miami?adjust_creative=xaZ1Joo3-9aWJr5cVO0Jdg&utm_campaign=yelp_api_v3&utm_medium=api_v3_business_search&utm_source=xaZ1Joo3-9aWJr5cVO0Jdg,28,"[{'alias': 'boating', 'title': 'Boating'}]",4.0,"{'latitude': 25.779866, 'longitude': -80.185908}",[],"{'address1': '401 Biscayne Blvd', 'address2': '', 'address3': 'Pier 5 / Slip 28', 'city': 'Miami', 'zip_code': '33132', 'country': 'US', 'state': 'FL', 'display_address': ['401 Biscayne Blvd', 'Pier 5 / Slip 28', 'Miami, FL 33132']}",+17862952628,(786) 295-2628,4259.773611389721,
